comuna,candidato,votos,porcentaje
"ÑUÑOA","1. JOAQUIN LAVIN INFANTE",8169,29.15
"ÑUÑOA","2. IGNACIO BRIONES ROJAS",4035,14.4
"ÑUÑOA","3. SEBASTIAN SICHEL RAMIREZ",13485,48.12
"ÑUÑOA","4. MARIO DESBORDES JIMENEZ",2333,8.33
"ÑUÑOA","5. GABRIEL BORIC FONT",35396,67.54
"ÑUÑOA","6. DANIEL JADUE JADUE",17009,32.46
"ÑIQUEN","1. JOAQUIN LAVIN INFANTE",500,54.05
"ÑIQUEN","2. IGNACIO BRIONES ROJAS",20,2.16
"ÑIQUEN","3. SEBASTIAN SICHEL RAMIREZ",333,36
"ÑIQUEN","4. MARIO DESBORDES JIMENEZ",72,7.78
"ÑIQUEN","5. GABRIEL BORIC FONT",282,66.98
"ÑIQUEN","6. DANIEL JADUE JADUE",139,33.02
ZAPALLAR,"1. JOAQUIN LAVIN INFANTE",596,29.29
ZAPALLAR,"2. IGNACIO BRIONES ROJAS",286,14.05
ZAPALLAR,"3. SEBASTIAN SICHEL RAMIREZ",1088,53.46
ZAPALLAR,"4. MARIO DESBORDES JIMENEZ",65,3.19
ZAPALLAR,"5. GABRIEL BORIC FONT",673,67.98
ZAPALLAR,"6. DANIEL JADUE JADUE",317,32.02
YUNGAY,"1. JOAQUIN LAVIN INFANTE",326,33.75
YUNGAY,"2. IGNACIO BRIONES ROJAS",70,7.25
YUNGAY,"3. SEBASTIAN SICHEL RAMIREZ",447,46.27
YUNGAY,"4. MARIO DESBORDES JIMENEZ",123,12.73
YUNGAY,"5. GABRIEL BORIC FONT",618,64.04
YUNGAY,"6. DANIEL JADUE JADUE",347,35.96
YUMBEL,"1. JOAQUIN LAVIN INFANTE",483,33.85
YUMBEL,"2. IGNACIO BRIONES ROJAS",103,7.22
YUMBEL,"3. SEBASTIAN SICHEL RAMIREZ",642,44.99
YUMBEL,"4. MARIO DESBORDES JIMENEZ",199,13.95
YUMBEL,"5. GABRIEL BORIC FONT",832,68.53
YUMBEL,"6. DANIEL JADUE JADUE",382,31.47
"YERBAS BUENAS","1. JOAQUIN LAVIN INFANTE",345,37.02
"YERBAS BUENAS","2. IGNACIO BRIONES ROJAS",56,6.01
"YERBAS BUENAS","3. SEBASTIAN SICHEL RAMIREZ",415,44.53
"YERBAS BUENAS","4. MARIO DESBORDES JIMENEZ",116,12.45
"YERBAS BUENAS","5. GABRIEL BORIC FONT",458,69.82
"YERBAS BUENAS","6. DANIEL JADUE JADUE",198,30.18
"VIÑA DEL MAR","1. JOAQUIN LAVIN INFANTE",9943,29.7
"VIÑA DEL MAR","2. IGNACIO BRIONES ROJAS",4065,12.14
"VIÑA DEL MAR","3. SEBASTIAN SICHEL RAMIREZ",16003,47.79
"VIÑA DEL MAR","4. MARIO DESBORDES JIMENEZ",3472,10.37
"VIÑA DEL MAR","5. GABRIEL BORIC FONT",24226,63.63
"VIÑA DEL MAR","6. DANIEL JADUE JADUE",13848,36.37
VITACURA,"1. JOAQUIN LAVIN INFANTE",12283,32.02
VITACURA,"2. IGNACIO BRIONES ROJAS",7932,20.68
VITACURA,"3. SEBASTIAN SICHEL RAMIREZ",17235,44.93
VITACURA,"4. MARIO DESBORDES JIMENEZ",908,2.37
VITACURA,"5. GABRIEL BORIC FONT",7085,89.62
VITACURA,"6. DANIEL JADUE JADUE",821,10.38
VILLARRICA,"1. JOAQUIN LAVIN INFANTE",1542,31.04
VILLARRICA,"2. IGNACIO BRIONES ROJAS",423,8.51
VILLARRICA,"3. SEBASTIAN SICHEL RAMIREZ",2433,48.97
VILLARRICA,"4. MARIO DESBORDES JIMENEZ",570,11.47
VILLARRICA,"5. GABRIEL BORIC FONT",2998,63.3
VILLARRICA,"6. DANIEL JADUE JADUE",1738,36.7
"VILLA ALEMANA","1. JOAQUIN LAVIN INFANTE",2488,26.65
"VILLA ALEMANA","2. IGNACIO BRIONES ROJAS",725,7.77
"VILLA ALEMANA","3. SEBASTIAN SICHEL RAMIREZ",4853,51.98
"VILLA ALEMANA","4. MARIO DESBORDES JIMENEZ",1270,13.6
"VILLA ALEMANA","5. GABRIEL BORIC FONT",8785,61.71
"VILLA ALEMANA","6. DANIEL JADUE JADUE",5450,38.29
"VILLA ALEGRE","1. JOAQUIN LAVIN INFANTE",426,34.03
"VILLA ALEGRE","2. IGNACIO BRIONES ROJAS",70,5.59
"VILLA ALEGRE","3. SEBASTIAN SICHEL RAMIREZ",561,44.81
"VILLA ALEGRE","4. MARIO DESBORDES JIMENEZ",195,15.58
"VILLA ALEGRE","5. GABRIEL BORIC FONT",573,67.02
"VILLA ALEGRE","6. DANIEL JADUE JADUE",282,32.98
VILCUN,"1. JOAQUIN LAVIN INFANTE",597,28.27
VILCUN,"2. IGNACIO BRIONES ROJAS",125,5.92
VILCUN,"3. SEBASTIAN SICHEL RAMIREZ",1253,59.33
VILCUN,"4. MARIO DESBORDES JIMENEZ",137,6.49
VILCUN,"5. GABRIEL BORIC FONT",764,66.43
VILCUN,"6. DANIEL JADUE JADUE",386,33.57
"VICUÑA","1. JOAQUIN LAVIN INFANTE",417,37.4
"VICUÑA","2. IGNACIO BRIONES ROJAS",91,8.16
"VICUÑA","3. SEBASTIAN SICHEL RAMIREZ",472,42.33
"VICUÑA","4. MARIO DESBORDES JIMENEZ",135,12.11
"VICUÑA","5. GABRIEL BORIC FONT",1135,60.66
"VICUÑA","6. DANIEL JADUE JADUE",736,39.34
VICTORIA,"1. JOAQUIN LAVIN INFANTE",918,30.22
VICTORIA,"2. IGNACIO BRIONES ROJAS",205,6.75
VICTORIA,"3. SEBASTIAN SICHEL RAMIREZ",1564,51.48
VICTORIA,"4. MARIO DESBORDES JIMENEZ",351,11.55
VICTORIA,"5. GABRIEL BORIC FONT",1115,70.66
VICTORIA,"6. DANIEL JADUE JADUE",463,29.34
VICHUQUEN,"1. JOAQUIN LAVIN INFANTE",177,23.89
VICHUQUEN,"2. IGNACIO BRIONES ROJAS",40,5.4
VICHUQUEN,"3. SEBASTIAN SICHEL RAMIREZ",480,64.78
VICHUQUEN,"4. MARIO DESBORDES JIMENEZ",44,5.94
VICHUQUEN,"5. GABRIEL BORIC FONT",207,63.5
VICHUQUEN,"6. DANIEL JADUE JADUE",119,36.5
VALPARAISO,"1. JOAQUIN LAVIN INFANTE",5178,28.3
VALPARAISO,"2. IGNACIO BRIONES ROJAS",1637,8.95
VALPARAISO,"3. SEBASTIAN SICHEL RAMIREZ",8876,48.52
VALPARAISO,"4. MARIO DESBORDES JIMENEZ",2604,14.23
VALPARAISO,"5. GABRIEL BORIC FONT",20329,50.86
VALPARAISO,"6. DANIEL JADUE JADUE",19639,49.14
VALLENAR,"1. JOAQUIN LAVIN INFANTE",549,32.05
VALLENAR,"2. IGNACIO BRIONES ROJAS",166,9.69
VALLENAR,"3. SEBASTIAN SICHEL RAMIREZ",839,48.98
VALLENAR,"4. MARIO DESBORDES JIMENEZ",159,9.28
VALLENAR,"5. GABRIEL BORIC FONT",1634,53.16
VALLENAR,"6. DANIEL JADUE JADUE",1440,46.84
VALDIVIA,"1. JOAQUIN LAVIN INFANTE",2920,25.48
VALDIVIA,"2. IGNACIO BRIONES ROJAS",1230,10.73
VALDIVIA,"3. SEBASTIAN SICHEL RAMIREZ",5934,51.77
VALDIVIA,"4. MARIO DESBORDES JIMENEZ",1378,12.02
VALDIVIA,"5. GABRIEL BORIC FONT",11160,62.71
VALDIVIA,"6. DANIEL JADUE JADUE",6637,37.29
TUCAPEL,"1. JOAQUIN LAVIN INFANTE",290,30.21
TUCAPEL,"2. IGNACIO BRIONES ROJAS",60,6.25
TUCAPEL,"3. SEBASTIAN SICHEL RAMIREZ",463,48.23
TUCAPEL,"4. MARIO DESBORDES JIMENEZ",147,15.31
TUCAPEL,"5. GABRIEL BORIC FONT",520,68.69
TUCAPEL,"6. DANIEL JADUE JADUE",237,31.31
TREHUACO,"1. JOAQUIN LAVIN INFANTE",170,45.45
TREHUACO,"2. IGNACIO BRIONES ROJAS",20,5.35
TREHUACO,"3. SEBASTIAN SICHEL RAMIREZ",159,42.51
TREHUACO,"4. MARIO DESBORDES JIMENEZ",25,6.68
TREHUACO,"5. GABRIEL BORIC FONT",165,70.21
TREHUACO,"6. DANIEL JADUE JADUE",70,29.79
TRAIGUEN,"1. JOAQUIN LAVIN INFANTE",426,27.9
TRAIGUEN,"2. IGNACIO BRIONES ROJAS",87,5.7
TRAIGUEN,"3. SEBASTIAN SICHEL RAMIREZ",858,56.19
TRAIGUEN,"4. MARIO DESBORDES JIMENEZ",156,10.22
TRAIGUEN,"5. GABRIEL BORIC FONT",520,61.68
TRAIGUEN,"6. DANIEL JADUE JADUE",323,38.32
TORTEL,"1. JOAQUIN LAVIN INFANTE",10,45.45
TORTEL,"2. IGNACIO BRIONES ROJAS",5,22.73
TORTEL,"3. SEBASTIAN SICHEL RAMIREZ",2,9.09
TORTEL,"4. MARIO DESBORDES JIMENEZ",5,22.73
TORTEL,"5. GABRIEL BORIC FONT",12,42.86
TORTEL,"6. DANIEL JADUE JADUE",16,57.14
"TORRES DEL PAINE","1. JOAQUIN LAVIN INFANTE",10,33.33
"TORRES DEL PAINE","2. IGNACIO BRIONES ROJAS",2,6.67
"TORRES DEL PAINE","3. SEBASTIAN SICHEL RAMIREZ",16,53.33
"TORRES DEL PAINE","4. MARIO DESBORDES JIMENEZ",2,6.67
"TORRES DEL PAINE","5. GABRIEL BORIC FONT",29,69.05
"TORRES DEL PAINE","6. DANIEL JADUE JADUE",13,30.95
TOME,"1. JOAQUIN LAVIN INFANTE",1063,33.44
TOME,"2. IGNACIO BRIONES ROJAS",220,6.92
TOME,"3. SEBASTIAN SICHEL RAMIREZ",1483,46.65
TOME,"4. MARIO DESBORDES JIMENEZ",413,12.99
TOME,"5. GABRIEL BORIC FONT",2775,62.7
TOME,"6. DANIEL JADUE JADUE",1651,37.3
TOLTEN,"1. JOAQUIN LAVIN INFANTE",269,33.71
TOLTEN,"2. IGNACIO BRIONES ROJAS",36,4.51
TOLTEN,"3. SEBASTIAN SICHEL RAMIREZ",430,53.88
TOLTEN,"4. MARIO DESBORDES JIMENEZ",63,7.89
TOLTEN,"5. GABRIEL BORIC FONT",253,67.11
TOLTEN,"6. DANIEL JADUE JADUE",124,32.89
TOCOPILLA,"1. JOAQUIN LAVIN INFANTE",316,43.47
TOCOPILLA,"2. IGNACIO BRIONES ROJAS",57,7.84
TOCOPILLA,"3. SEBASTIAN SICHEL RAMIREZ",298,40.99
TOCOPILLA,"4. MARIO DESBORDES JIMENEZ",56,7.7
TOCOPILLA,"5. GABRIEL BORIC FONT",614,44.78
TOCOPILLA,"6. DANIEL JADUE JADUE",757,55.22
TIRUA,"1. JOAQUIN LAVIN INFANTE",227,52.18
TIRUA,"2. IGNACIO BRIONES ROJAS",41,9.43
TIRUA,"3. SEBASTIAN SICHEL RAMIREZ",116,26.67
TIRUA,"4. MARIO DESBORDES JIMENEZ",51,11.72
TIRUA,"5. GABRIEL BORIC FONT",213,60.86
TIRUA,"6. DANIEL JADUE JADUE",137,39.14
TIMAUKEL,"1. JOAQUIN LAVIN INFANTE",9,40.91
TIMAUKEL,"2. IGNACIO BRIONES ROJAS",0,0
TIMAUKEL,"3. SEBASTIAN SICHEL RAMIREZ",12,54.55
TIMAUKEL,"4. MARIO DESBORDES JIMENEZ",1,4.55
TIMAUKEL,"5. GABRIEL BORIC FONT",8,80
TIMAUKEL,"6. DANIEL JADUE JADUE",2,20
TILTIL,"1. JOAQUIN LAVIN INFANTE",439,33.13
TILTIL,"2. IGNACIO BRIONES ROJAS",106,8
TILTIL,"3. SEBASTIAN SICHEL RAMIREZ",614,46.34
TILTIL,"4. MARIO DESBORDES JIMENEZ",166,12.53
TILTIL,"5. GABRIEL BORIC FONT",1061,53.91
TILTIL,"6. DANIEL JADUE JADUE",907,46.09
"TIERRA AMARILLA","1. JOAQUIN LAVIN INFANTE",117,27.34
"TIERRA AMARILLA","2. IGNACIO BRIONES ROJAS",26,6.07
"TIERRA AMARILLA","3. SEBASTIAN SICHEL RAMIREZ",242,56.54
"TIERRA AMARILLA","4. MARIO DESBORDES JIMENEZ",43,10.05
"TIERRA AMARILLA","5. GABRIEL BORIC FONT",388,52.08
"TIERRA AMARILLA","6. DANIEL JADUE JADUE",357,47.92
"TEODORO SCHMIDT","1. JOAQUIN LAVIN INFANTE",577,45.08
"TEODORO SCHMIDT","2. IGNACIO BRIONES ROJAS",61,4.77
"TEODORO SCHMIDT","3. SEBASTIAN SICHEL RAMIREZ",542,42.34
"TEODORO SCHMIDT","4. MARIO DESBORDES JIMENEZ",100,7.81
"TEODORO SCHMIDT","5. GABRIEL BORIC FONT",332,64.72
"TEODORO SCHMIDT","6. DANIEL JADUE JADUE",181,35.28
TENO,"1. JOAQUIN LAVIN INFANTE",490,30.15
TENO,"2. IGNACIO BRIONES ROJAS",135,8.31
TENO,"3. SEBASTIAN SICHEL RAMIREZ",825,50.77
TENO,"4. MARIO DESBORDES JIMENEZ",175,10.77
TENO,"5. GABRIEL BORIC FONT",993,68.06
TENO,"6. DANIEL JADUE JADUE",466,31.94
TEMUCO,"1. JOAQUIN LAVIN INFANTE",7050,26.97
TEMUCO,"2. IGNACIO BRIONES ROJAS",2077,7.95
TEMUCO,"3. SEBASTIAN SICHEL RAMIREZ",14220,54.4
TEMUCO,"4. MARIO DESBORDES JIMENEZ",2795,10.69
TEMUCO,"5. GABRIEL BORIC FONT",15570,69.28
TEMUCO,"6. DANIEL JADUE JADUE",6905,30.72
TALTAL,"1. JOAQUIN LAVIN INFANTE",169,42.68
TALTAL,"2. IGNACIO BRIONES ROJAS",33,8.33
TALTAL,"3. SEBASTIAN SICHEL RAMIREZ",157,39.65
TALTAL,"4. MARIO DESBORDES JIMENEZ",37,9.34
TALTAL,"5. GABRIEL BORIC FONT",303,40.56
TALTAL,"6. DANIEL JADUE JADUE",444,59.44
TALCAHUANO,"1. JOAQUIN LAVIN INFANTE",3288,30.51
TALCAHUANO,"2. IGNACIO BRIONES ROJAS",767,7.12
TALCAHUANO,"3. SEBASTIAN SICHEL RAMIREZ",5206,48.3
TALCAHUANO,"4. MARIO DESBORDES JIMENEZ",1517,14.07
TALCAHUANO,"5. GABRIEL BORIC FONT",9453,67.3
TALCAHUANO,"6. DANIEL JADUE JADUE",4594,32.7
TALCA,"1. JOAQUIN LAVIN INFANTE",4523,26.19
TALCA,"2. IGNACIO BRIONES ROJAS",1404,8.13
TALCA,"3. SEBASTIAN SICHEL RAMIREZ",8988,52.05
TALCA,"4. MARIO DESBORDES JIMENEZ",2352,13.62
TALCA,"5. GABRIEL BORIC FONT",11690,61.82
TALCA,"6. DANIEL JADUE JADUE",7221,38.18
TALAGANTE,"1. JOAQUIN LAVIN INFANTE",1850,30.52
TALAGANTE,"2. IGNACIO BRIONES ROJAS",568,9.37
TALAGANTE,"3. SEBASTIAN SICHEL RAMIREZ",3076,50.74
TALAGANTE,"4. MARIO DESBORDES JIMENEZ",568,9.37
TALAGANTE,"5. GABRIEL BORIC FONT",5179,58.93
TALAGANTE,"6. DANIEL JADUE JADUE",3610,41.07
"SIERRA GORDA","1. JOAQUIN LAVIN INFANTE",11,21.57
"SIERRA GORDA","2. IGNACIO BRIONES ROJAS",11,21.57
"SIERRA GORDA","3. SEBASTIAN SICHEL RAMIREZ",18,35.29
"SIERRA GORDA","4. MARIO DESBORDES JIMENEZ",11,21.57
"SIERRA GORDA","5. GABRIEL BORIC FONT",36,45.57
"SIERRA GORDA","6. DANIEL JADUE JADUE",43,54.43
"SANTO DOMINGO","1. JOAQUIN LAVIN INFANTE",945,36.9
"SANTO DOMINGO","2. IGNACIO BRIONES ROJAS",258,10.07
"SANTO DOMINGO","3. SEBASTIAN SICHEL RAMIREZ",1192,46.54
"SANTO DOMINGO","4. MARIO DESBORDES JIMENEZ",166,6.48
"SANTO DOMINGO","5. GABRIEL BORIC FONT",932,71.53
"SANTO DOMINGO","6. DANIEL JADUE JADUE",371,28.47
SANTIAGO,"1. JOAQUIN LAVIN INFANTE",8660,35.26
SANTIAGO,"2. IGNACIO BRIONES ROJAS",2705,11.01
SANTIAGO,"3. SEBASTIAN SICHEL RAMIREZ",10777,43.88
SANTIAGO,"4. MARIO DESBORDES JIMENEZ",2418,9.85
SANTIAGO,"5. GABRIEL BORIC FONT",29774,56.84
SANTIAGO,"6. DANIEL JADUE JADUE",22604,43.16
"SANTA MARIA","1. JOAQUIN LAVIN INFANTE",185,21.26
"SANTA MARIA","2. IGNACIO BRIONES ROJAS",65,7.47
"SANTA MARIA","3. SEBASTIAN SICHEL RAMIREZ",549,63.1
"SANTA MARIA","4. MARIO DESBORDES JIMENEZ",71,8.16
"SANTA MARIA","5. GABRIEL BORIC FONT",670,71.28
"SANTA MARIA","6. DANIEL JADUE JADUE",270,28.72
"SANTA JUANA","1. JOAQUIN LAVIN INFANTE",242,31.55
"SANTA JUANA","2. IGNACIO BRIONES ROJAS",96,12.52
"SANTA JUANA","3. SEBASTIAN SICHEL RAMIREZ",356,46.41
"SANTA JUANA","4. MARIO DESBORDES JIMENEZ",73,9.52
"SANTA JUANA","5. GABRIEL BORIC FONT",482,65.49
"SANTA JUANA","6. DANIEL JADUE JADUE",254,34.51
"SANTA CRUZ","1. JOAQUIN LAVIN INFANTE",671,24.74
"SANTA CRUZ","2. IGNACIO BRIONES ROJAS",206,7.6
"SANTA CRUZ","3. SEBASTIAN SICHEL RAMIREZ",1642,60.55
"SANTA CRUZ","4. MARIO DESBORDES JIMENEZ",193,7.12
"SANTA CRUZ","5. GABRIEL BORIC FONT",1647,69.17
"SANTA CRUZ","6. DANIEL JADUE JADUE",734,30.83
"SANTA BARBARA","1. JOAQUIN LAVIN INFANTE",306,34.62
"SANTA BARBARA","2. IGNACIO BRIONES ROJAS",47,5.32
"SANTA BARBARA","3. SEBASTIAN SICHEL RAMIREZ",394,44.57
"SANTA BARBARA","4. MARIO DESBORDES JIMENEZ",137,15.5
"SANTA BARBARA","5. GABRIEL BORIC FONT",358,71.03
"SANTA BARBARA","6. DANIEL JADUE JADUE",146,28.97
"SAN VICENTE","1. JOAQUIN LAVIN INFANTE",923,27.08
"SAN VICENTE","2. IGNACIO BRIONES ROJAS",228,6.69
"SAN VICENTE","3. SEBASTIAN SICHEL RAMIREZ",2009,58.95
"SAN VICENTE","4. MARIO DESBORDES JIMENEZ",248,7.28
"SAN VICENTE","5. GABRIEL BORIC FONT",2602,66.02
"SAN VICENTE","6. DANIEL JADUE JADUE",1339,33.98
"SAN ROSENDO","1. JOAQUIN LAVIN INFANTE",70,28.57
"SAN ROSENDO","2. IGNACIO BRIONES ROJAS",17,6.94
"SAN ROSENDO","3. SEBASTIAN SICHEL RAMIREZ",110,44.9
"SAN ROSENDO","4. MARIO DESBORDES JIMENEZ",48,19.59
"SAN ROSENDO","5. GABRIEL BORIC FONT",176,62.63
"SAN ROSENDO","6. DANIEL JADUE JADUE",105,37.37
"SAN RAMON","1. JOAQUIN LAVIN INFANTE",1713,33.31
"SAN RAMON","2. IGNACIO BRIONES ROJAS",307,5.97
"SAN RAMON","3. SEBASTIAN SICHEL RAMIREZ",2498,48.58
"SAN RAMON","4. MARIO DESBORDES JIMENEZ",624,12.14
"SAN RAMON","5. GABRIEL BORIC FONT",4766,49.08
"SAN RAMON","6. DANIEL JADUE JADUE",4945,50.92
"SAN RAFAEL","1. JOAQUIN LAVIN INFANTE",205,31.2
"SAN RAFAEL","2. IGNACIO BRIONES ROJAS",37,5.63
"SAN RAFAEL","3. SEBASTIAN SICHEL RAMIREZ",317,48.25
"SAN RAFAEL","4. MARIO DESBORDES JIMENEZ",98,14.92
"SAN RAFAEL","5. GABRIEL BORIC FONT",332,62.41
"SAN RAFAEL","6. DANIEL JADUE JADUE",200,37.59
"SAN PEDRO DE LA PAZ","1. JOAQUIN LAVIN INFANTE",2517,25.02
"SAN PEDRO DE LA PAZ","2. IGNACIO BRIONES ROJAS",1121,11.14
"SAN PEDRO DE LA PAZ","3. SEBASTIAN SICHEL RAMIREZ",5532,54.99
"SAN PEDRO DE LA PAZ","4. MARIO DESBORDES JIMENEZ",890,8.85
"SAN PEDRO DE LA PAZ","5. GABRIEL BORIC FONT",8172,73.4
"SAN PEDRO DE LA PAZ","6. DANIEL JADUE JADUE",2962,26.6
"SAN PEDRO DE ATACAMA","1. JOAQUIN LAVIN INFANTE",130,48.51
"SAN PEDRO DE ATACAMA","2. IGNACIO BRIONES ROJAS",25,9.33
"SAN PEDRO DE ATACAMA","3. SEBASTIAN SICHEL RAMIREZ",92,34.33
"SAN PEDRO DE ATACAMA","4. MARIO DESBORDES JIMENEZ",21,7.84
"SAN PEDRO DE ATACAMA","5. GABRIEL BORIC FONT",241,38.01
"SAN PEDRO DE ATACAMA","6. DANIEL JADUE JADUE",393,61.99
"SAN PEDRO","1. JOAQUIN LAVIN INFANTE",273,44.83
"SAN PEDRO","2. IGNACIO BRIONES ROJAS",51,8.37
"SAN PEDRO","3. SEBASTIAN SICHEL RAMIREZ",230,37.77
"SAN PEDRO","4. MARIO DESBORDES JIMENEZ",55,9.03
"SAN PEDRO","5. GABRIEL BORIC FONT",318,63.47
"SAN PEDRO","6. DANIEL JADUE JADUE",183,36.53
"SAN PABLO","1. JOAQUIN LAVIN INFANTE",239,32.65
"SAN PABLO","2. IGNACIO BRIONES ROJAS",35,4.78
"SAN PABLO","3. SEBASTIAN SICHEL RAMIREZ",385,52.6
"SAN PABLO","4. MARIO DESBORDES JIMENEZ",73,9.97
"SAN PABLO","5. GABRIEL BORIC FONT",250,56.82
"SAN PABLO","6. DANIEL JADUE JADUE",190,43.18
"SAN NICOLAS","1. JOAQUIN LAVIN INFANTE",359,37.87
"SAN NICOLAS","2. IGNACIO BRIONES ROJAS",65,6.86
"SAN NICOLAS","3. SEBASTIAN SICHEL RAMIREZ",431,45.46
"SAN NICOLAS","4. MARIO DESBORDES JIMENEZ",93,9.81
"SAN NICOLAS","5. GABRIEL BORIC FONT",424,65.03
"SAN NICOLAS","6. DANIEL JADUE JADUE",228,34.97
"SAN MIGUEL","1. JOAQUIN LAVIN INFANTE",2974,31.34
"SAN MIGUEL","2. IGNACIO BRIONES ROJAS",892,9.4
"SAN MIGUEL","3. SEBASTIAN SICHEL RAMIREZ",4703,49.56
"SAN MIGUEL","4. MARIO DESBORDES JIMENEZ",920,9.7
"SAN MIGUEL","5. GABRIEL BORIC FONT",12441,61.1
"SAN MIGUEL","6. DANIEL JADUE JADUE",7920,38.9
"SAN JUAN DE LA COSTA","1. JOAQUIN LAVIN INFANTE",136,39.31
"SAN JUAN DE LA COSTA","2. IGNACIO BRIONES ROJAS",28,8.09
"SAN JUAN DE LA COSTA","3. SEBASTIAN SICHEL RAMIREZ",122,35.26
"SAN JUAN DE LA COSTA","4. MARIO DESBORDES JIMENEZ",60,17.34
"SAN JUAN DE LA COSTA","5. GABRIEL BORIC FONT",195,52.56
"SAN JUAN DE LA COSTA","6. DANIEL JADUE JADUE",176,47.44
"SAN JOSE DE MAIPO","1. JOAQUIN LAVIN INFANTE",418,31.76
"SAN JOSE DE MAIPO","2. IGNACIO BRIONES ROJAS",122,9.27
"SAN JOSE DE MAIPO","3. SEBASTIAN SICHEL RAMIREZ",625,47.49
"SAN JOSE DE MAIPO","4. MARIO DESBORDES JIMENEZ",151,11.47
"SAN JOSE DE MAIPO","5. GABRIEL BORIC FONT",1295,53.14
"SAN JOSE DE MAIPO","6. DANIEL JADUE JADUE",1142,46.86
"SAN JOAQUIN","1. JOAQUIN LAVIN INFANTE",1855,31.09
"SAN JOAQUIN","2. IGNACIO BRIONES ROJAS",426,7.14
"SAN JOAQUIN","3. SEBASTIAN SICHEL RAMIREZ",3025,50.7
"SAN JOAQUIN","4. MARIO DESBORDES JIMENEZ",660,11.06
"SAN JOAQUIN","5. GABRIEL BORIC FONT",7005,48.1
"SAN JOAQUIN","6. DANIEL JADUE JADUE",7559,51.9
"SAN JAVIER","1. JOAQUIN LAVIN INFANTE",975,29.73
"SAN JAVIER","2. IGNACIO BRIONES ROJAS",215,6.56
"SAN JAVIER","3. SEBASTIAN SICHEL RAMIREZ",1624,49.53
"SAN JAVIER","4. MARIO DESBORDES JIMENEZ",465,14.18
"SAN JAVIER","5. GABRIEL BORIC FONT",1702,68.33
"SAN JAVIER","6. DANIEL JADUE JADUE",789,31.67
"SAN IGNACIO","1. JOAQUIN LAVIN INFANTE",489,45.03
"SAN IGNACIO","2. IGNACIO BRIONES ROJAS",51,4.7
"SAN IGNACIO","3. SEBASTIAN SICHEL RAMIREZ",426,39.23
"SAN IGNACIO","4. MARIO DESBORDES JIMENEZ",120,11.05
"SAN IGNACIO","5. GABRIEL BORIC FONT",401,66.5
"SAN IGNACIO","6. DANIEL JADUE JADUE",202,33.5
"SAN GREGORIO","1. JOAQUIN LAVIN INFANTE",4,12.5
"SAN GREGORIO","2. IGNACIO BRIONES ROJAS",3,9.38
"SAN GREGORIO","3. SEBASTIAN SICHEL RAMIREZ",19,59.38
"SAN GREGORIO","4. MARIO DESBORDES JIMENEZ",6,18.75
"SAN GREGORIO","5. GABRIEL BORIC FONT",23,69.7
"SAN GREGORIO","6. DANIEL JADUE JADUE",10,30.3
"SAN FERNANDO","1. JOAQUIN LAVIN INFANTE",1820,31.21
"SAN FERNANDO","2. IGNACIO BRIONES ROJAS",432,7.41
"SAN FERNANDO","3. SEBASTIAN SICHEL RAMIREZ",3103,53.22
"SAN FERNANDO","4. MARIO DESBORDES JIMENEZ",476,8.16
"SAN FERNANDO","5. GABRIEL BORIC FONT",3871,62.15
"SAN FERNANDO","6. DANIEL JADUE JADUE",2357,37.85
"SAN FELIPE","1. JOAQUIN LAVIN INFANTE",1374,27.38
"SAN FELIPE","2. IGNACIO BRIONES ROJAS",398,7.93
"SAN FELIPE","3. SEBASTIAN SICHEL RAMIREZ",2750,54.79
"SAN FELIPE","4. MARIO DESBORDES JIMENEZ",497,9.9
"SAN FELIPE","5. GABRIEL BORIC FONT",4323,62.86
"SAN FELIPE","6. DANIEL JADUE JADUE",2554,37.14
"SAN FABIAN","1. JOAQUIN LAVIN INFANTE",164,35.81
"SAN FABIAN","2. IGNACIO BRIONES ROJAS",15,3.28
"SAN FABIAN","3. SEBASTIAN SICHEL RAMIREZ",254,55.46
"SAN FABIAN","4. MARIO DESBORDES JIMENEZ",25,5.46
"SAN FABIAN","5. GABRIEL BORIC FONT",195,67.47
"SAN FABIAN","6. DANIEL JADUE JADUE",94,32.53
"SAN ESTEBAN","1. JOAQUIN LAVIN INFANTE",308,27.82
"SAN ESTEBAN","2. IGNACIO BRIONES ROJAS",89,8.04
"SAN ESTEBAN","3. SEBASTIAN SICHEL RAMIREZ",613,55.37
"SAN ESTEBAN","4. MARIO DESBORDES JIMENEZ",97,8.76
"SAN ESTEBAN","5. GABRIEL BORIC FONT",1063,70.68
"SAN ESTEBAN","6. DANIEL JADUE JADUE",441,29.32
"SAN CLEMENTE","1. JOAQUIN LAVIN INFANTE",697,31.02
"SAN CLEMENTE","2. IGNACIO BRIONES ROJAS",148,6.59
"SAN CLEMENTE","3. SEBASTIAN SICHEL RAMIREZ",1069,47.57
"SAN CLEMENTE","4. MARIO DESBORDES JIMENEZ",333,14.82
"SAN CLEMENTE","5. GABRIEL BORIC FONT",1188,58.38
"SAN CLEMENTE","6. DANIEL JADUE JADUE",847,41.62
"SAN CARLOS","1. JOAQUIN LAVIN INFANTE",1190,32.43
"SAN CARLOS","2. IGNACIO BRIONES ROJAS",249,6.79
"SAN CARLOS","3. SEBASTIAN SICHEL RAMIREZ",1852,50.48
"SAN CARLOS","4. MARIO DESBORDES JIMENEZ",378,10.3
"SAN CARLOS","5. GABRIEL BORIC FONT",1837,69.93
"SAN CARLOS","6. DANIEL JADUE JADUE",790,30.07
"SAN BERNARDO","1. JOAQUIN LAVIN INFANTE",4933,31.06
"SAN BERNARDO","2. IGNACIO BRIONES ROJAS",1183,7.45
"SAN BERNARDO","3. SEBASTIAN SICHEL RAMIREZ",7872,49.57
"SAN BERNARDO","4. MARIO DESBORDES JIMENEZ",1893,11.92
"SAN BERNARDO","5. GABRIEL BORIC FONT",16082,56.57
"SAN BERNARDO","6. DANIEL JADUE JADUE",12345,43.43
"SAN ANTONIO","1. JOAQUIN LAVIN INFANTE",1318,31.15
"SAN ANTONIO","2. IGNACIO BRIONES ROJAS",285,6.74
"SAN ANTONIO","3. SEBASTIAN SICHEL RAMIREZ",2114,49.96
"SAN ANTONIO","4. MARIO DESBORDES JIMENEZ",514,12.15
"SAN ANTONIO","5. GABRIEL BORIC FONT",5441,50.86
"SAN ANTONIO","6. DANIEL JADUE JADUE",5257,49.14
SALAMANCA,"1. JOAQUIN LAVIN INFANTE",322,29.25
SALAMANCA,"2. IGNACIO BRIONES ROJAS",89,8.08
SALAMANCA,"3. SEBASTIAN SICHEL RAMIREZ",553,50.23
SALAMANCA,"4. MARIO DESBORDES JIMENEZ",137,12.44
SALAMANCA,"5. GABRIEL BORIC FONT",986,56.47
SALAMANCA,"6. DANIEL JADUE JADUE",760,43.53
"SAGRADA FAMILIA","1. JOAQUIN LAVIN INFANTE",350,32.17
"SAGRADA FAMILIA","2. IGNACIO BRIONES ROJAS",90,8.27
"SAGRADA FAMILIA","3. SEBASTIAN SICHEL RAMIREZ",539,49.54
"SAGRADA FAMILIA","4. MARIO DESBORDES JIMENEZ",109,10.02
"SAGRADA FAMILIA","5. GABRIEL BORIC FONT",681,71.76
"SAGRADA FAMILIA","6. DANIEL JADUE JADUE",268,28.24
SAAVEDRA,"1. JOAQUIN LAVIN INFANTE",172,31.56
SAAVEDRA,"2. IGNACIO BRIONES ROJAS",34,6.24
SAAVEDRA,"3. SEBASTIAN SICHEL RAMIREZ",266,48.81
SAAVEDRA,"4. MARIO DESBORDES JIMENEZ",73,13.39
SAAVEDRA,"5. GABRIEL BORIC FONT",257,52.77
SAAVEDRA,"6. DANIEL JADUE JADUE",230,47.23
ROMERAL,"1. JOAQUIN LAVIN INFANTE",346,27.66
ROMERAL,"2. IGNACIO BRIONES ROJAS",117,9.35
ROMERAL,"3. SEBASTIAN SICHEL RAMIREZ",624,49.88
ROMERAL,"4. MARIO DESBORDES JIMENEZ",164,13.11
ROMERAL,"5. GABRIEL BORIC FONT",615,69.65
ROMERAL,"6. DANIEL JADUE JADUE",268,30.35
"RIO VERDE","1. JOAQUIN LAVIN INFANTE",19,40.43
"RIO VERDE","2. IGNACIO BRIONES ROJAS",9,19.15
"RIO VERDE","3. SEBASTIAN SICHEL RAMIREZ",16,34.04
"RIO VERDE","4. MARIO DESBORDES JIMENEZ",3,6.38
"RIO VERDE","5. GABRIEL BORIC FONT",8,61.54
"RIO VERDE","6. DANIEL JADUE JADUE",5,38.46
"RIO NEGRO","1. JOAQUIN LAVIN INFANTE",290,29.38
"RIO NEGRO","2. IGNACIO BRIONES ROJAS",57,5.78
"RIO NEGRO","3. SEBASTIAN SICHEL RAMIREZ",552,55.93
"RIO NEGRO","4. MARIO DESBORDES JIMENEZ",88,8.92
"RIO NEGRO","5. GABRIEL BORIC FONT",423,61.48
"RIO NEGRO","6. DANIEL JADUE JADUE",265,38.52
"RIO IBAÑEZ","1. JOAQUIN LAVIN INFANTE",106,49.3
"RIO IBAÑEZ","2. IGNACIO BRIONES ROJAS",10,4.65
"RIO IBAÑEZ","3. SEBASTIAN SICHEL RAMIREZ",73,33.95
"RIO IBAÑEZ","4. MARIO DESBORDES JIMENEZ",26,12.09
"RIO IBAÑEZ","5. GABRIEL BORIC FONT",103,65.19
"RIO IBAÑEZ","6. DANIEL JADUE JADUE",55,34.81
"RIO HURTADO","1. JOAQUIN LAVIN INFANTE",78,36.62
"RIO HURTADO","2. IGNACIO BRIONES ROJAS",14,6.57
"RIO HURTADO","3. SEBASTIAN SICHEL RAMIREZ",92,43.19
"RIO HURTADO","4. MARIO DESBORDES JIMENEZ",29,13.62
"RIO HURTADO","5. GABRIEL BORIC FONT",113,58.85
"RIO HURTADO","6. DANIEL JADUE JADUE",79,41.15
"RIO CLARO","1. JOAQUIN LAVIN INFANTE",213,21.98
"RIO CLARO","2. IGNACIO BRIONES ROJAS",64,6.6
"RIO CLARO","3. SEBASTIAN SICHEL RAMIREZ",370,38.18
"RIO CLARO","4. MARIO DESBORDES JIMENEZ",322,33.23
"RIO CLARO","5. GABRIEL BORIC FONT",438,65.77
"RIO CLARO","6. DANIEL JADUE JADUE",228,34.23
"RIO BUENO","1. JOAQUIN LAVIN INFANTE",834,34.01
"RIO BUENO","2. IGNACIO BRIONES ROJAS",163,6.65
"RIO BUENO","3. SEBASTIAN SICHEL RAMIREZ",1174,47.88
"RIO BUENO","4. MARIO DESBORDES JIMENEZ",281,11.46
"RIO BUENO","5. GABRIEL BORIC FONT",951,61.83
"RIO BUENO","6. DANIEL JADUE JADUE",587,38.17
RINCONADA,"1. JOAQUIN LAVIN INFANTE",241,26.34
RINCONADA,"2. IGNACIO BRIONES ROJAS",101,11.04
RINCONADA,"3. SEBASTIAN SICHEL RAMIREZ",504,55.08
RINCONADA,"4. MARIO DESBORDES JIMENEZ",69,7.54
RINCONADA,"5. GABRIEL BORIC FONT",596,64.36
RINCONADA,"6. DANIEL JADUE JADUE",330,35.64
RETIRO,"1. JOAQUIN LAVIN INFANTE",436,37.01
RETIRO,"2. IGNACIO BRIONES ROJAS",70,5.94
RETIRO,"3. SEBASTIAN SICHEL RAMIREZ",433,36.76
RETIRO,"4. MARIO DESBORDES JIMENEZ",239,20.29
RETIRO,"5. GABRIEL BORIC FONT",400,62.7
RETIRO,"6. DANIEL JADUE JADUE",238,37.3
REQUINOA,"1. JOAQUIN LAVIN INFANTE",645,25.82
REQUINOA,"2. IGNACIO BRIONES ROJAS",187,7.49
REQUINOA,"3. SEBASTIAN SICHEL RAMIREZ",1481,59.29
REQUINOA,"4. MARIO DESBORDES JIMENEZ",185,7.41
REQUINOA,"5. GABRIEL BORIC FONT",1370,70.01
REQUINOA,"6. DANIEL JADUE JADUE",587,29.99
RENGO,"1. JOAQUIN LAVIN INFANTE",931,25.37
RENGO,"2. IGNACIO BRIONES ROJAS",291,7.93
RENGO,"3. SEBASTIAN SICHEL RAMIREZ",2124,57.89
RENGO,"4. MARIO DESBORDES JIMENEZ",323,8.8
RENGO,"5. GABRIEL BORIC FONT",2987,62.58
RENGO,"6. DANIEL JADUE JADUE",1786,37.42
RENCA,"1. JOAQUIN LAVIN INFANTE",2364,31.89
RENCA,"2. IGNACIO BRIONES ROJAS",563,7.59
RENCA,"3. SEBASTIAN SICHEL RAMIREZ",3714,50.1
RENCA,"4. MARIO DESBORDES JIMENEZ",772,10.41
RENCA,"5. GABRIEL BORIC FONT",7424,46.74
RENCA,"6. DANIEL JADUE JADUE",8460,53.26
RENAICO,"1. JOAQUIN LAVIN INFANTE",261,35.85
RENAICO,"2. IGNACIO BRIONES ROJAS",44,6.04
RENAICO,"3. SEBASTIAN SICHEL RAMIREZ",336,46.15
RENAICO,"4. MARIO DESBORDES JIMENEZ",87,11.95
RENAICO,"5. GABRIEL BORIC FONT",360,73.17
RENAICO,"6. DANIEL JADUE JADUE",132,26.83
RECOLETA,"1. JOAQUIN LAVIN INFANTE",3917,37.24
RECOLETA,"2. IGNACIO BRIONES ROJAS",746,7.09
RECOLETA,"3. SEBASTIAN SICHEL RAMIREZ",4880,46.4
RECOLETA,"4. MARIO DESBORDES JIMENEZ",974,9.26
RECOLETA,"5. GABRIEL BORIC FONT",12112,44.41
RECOLETA,"6. DANIEL JADUE JADUE",15162,55.59
RAUCO,"1. JOAQUIN LAVIN INFANTE",236,32.82
RAUCO,"2. IGNACIO BRIONES ROJAS",71,9.87
RAUCO,"3. SEBASTIAN SICHEL RAMIREZ",322,44.78
RAUCO,"4. MARIO DESBORDES JIMENEZ",90,12.52
RAUCO,"5. GABRIEL BORIC FONT",371,66.37
RAUCO,"6. DANIEL JADUE JADUE",188,33.63
RANQUIL,"1. JOAQUIN LAVIN INFANTE",205,39.35
RANQUIL,"2. IGNACIO BRIONES ROJAS",26,4.99
RANQUIL,"3. SEBASTIAN SICHEL RAMIREZ",232,44.53
RANQUIL,"4. MARIO DESBORDES JIMENEZ",58,11.13
RANQUIL,"5. GABRIEL BORIC FONT",222,67.68
RANQUIL,"6. DANIEL JADUE JADUE",106,32.32
RANCAGUA,"1. JOAQUIN LAVIN INFANTE",4281,25.52
RANCAGUA,"2. IGNACIO BRIONES ROJAS",1281,7.64
RANCAGUA,"3. SEBASTIAN SICHEL RAMIREZ",9693,57.78
RANCAGUA,"4. MARIO DESBORDES JIMENEZ",1520,9.06
RANCAGUA,"5. GABRIEL BORIC FONT",15441,65.04
RANCAGUA,"6. DANIEL JADUE JADUE",8298,34.96
QUIRIHUE,"1. JOAQUIN LAVIN INFANTE",269,43.74
QUIRIHUE,"2. IGNACIO BRIONES ROJAS",47,7.64
QUIRIHUE,"3. SEBASTIAN SICHEL RAMIREZ",240,39.02
QUIRIHUE,"4. MARIO DESBORDES JIMENEZ",59,9.59
QUIRIHUE,"5. GABRIEL BORIC FONT",379,65.68
QUIRIHUE,"6. DANIEL JADUE JADUE",198,34.32
QUINTERO,"1. JOAQUIN LAVIN INFANTE",517,29.58
QUINTERO,"2. IGNACIO BRIONES ROJAS",138,7.89
QUINTERO,"3. SEBASTIAN SICHEL RAMIREZ",877,50.17
QUINTERO,"4. MARIO DESBORDES JIMENEZ",216,12.36
QUINTERO,"5. GABRIEL BORIC FONT",1577,61.17
QUINTERO,"6. DANIEL JADUE JADUE",1001,38.83
"QUINTA NORMAL","1. JOAQUIN LAVIN INFANTE",2749,35.32
"QUINTA NORMAL","2. IGNACIO BRIONES ROJAS",597,7.67
"QUINTA NORMAL","3. SEBASTIAN SICHEL RAMIREZ",3536,45.43
"QUINTA NORMAL","4. MARIO DESBORDES JIMENEZ",902,11.59
"QUINTA NORMAL","5. GABRIEL BORIC FONT",8077,50.62
"QUINTA NORMAL","6. DANIEL JADUE JADUE",7880,49.38
"QUINTA DE TILCOCO","1. JOAQUIN LAVIN INFANTE",276,27.71
"QUINTA DE TILCOCO","2. IGNACIO BRIONES ROJAS",48,4.82
"QUINTA DE TILCOCO","3. SEBASTIAN SICHEL RAMIREZ",578,58.03
"QUINTA DE TILCOCO","4. MARIO DESBORDES JIMENEZ",94,9.44
"QUINTA DE TILCOCO","5. GABRIEL BORIC FONT",662,59.96
"QUINTA DE TILCOCO","6. DANIEL JADUE JADUE",442,40.04
QUINCHAO,"1. JOAQUIN LAVIN INFANTE",88,42.31
QUINCHAO,"2. IGNACIO BRIONES ROJAS",24,11.54
QUINCHAO,"3. SEBASTIAN SICHEL RAMIREZ",76,36.54
QUINCHAO,"4. MARIO DESBORDES JIMENEZ",20,9.62
QUINCHAO,"5. GABRIEL BORIC FONT",249,56.08
QUINCHAO,"6. DANIEL JADUE JADUE",195,43.92
QUILPUE,"1. JOAQUIN LAVIN INFANTE",3213,26.5
QUILPUE,"2. IGNACIO BRIONES ROJAS",1018,8.4
QUILPUE,"3. SEBASTIAN SICHEL RAMIREZ",6255,51.59
QUILPUE,"4. MARIO DESBORDES JIMENEZ",1638,13.51
QUILPUE,"5. GABRIEL BORIC FONT",12124,63.96
QUILPUE,"6. DANIEL JADUE JADUE",6831,36.04
QUILLOTA,"1. JOAQUIN LAVIN INFANTE",1558,24.02
QUILLOTA,"2. IGNACIO BRIONES ROJAS",498,7.68
QUILLOTA,"3. SEBASTIAN SICHEL RAMIREZ",3687,56.84
QUILLOTA,"4. MARIO DESBORDES JIMENEZ",744,11.47
QUILLOTA,"5. GABRIEL BORIC FONT",5261,63.44
QUILLOTA,"6. DANIEL JADUE JADUE",3032,36.56
QUILLON,"1. JOAQUIN LAVIN INFANTE",559,41.22
QUILLON,"2. IGNACIO BRIONES ROJAS",74,5.46
QUILLON,"3. SEBASTIAN SICHEL RAMIREZ",534,39.38
QUILLON,"4. MARIO DESBORDES JIMENEZ",189,13.94
QUILLON,"5. GABRIEL BORIC FONT",597,70.9
QUILLON,"6. DANIEL JADUE JADUE",245,29.1
QUILLECO,"1. JOAQUIN LAVIN INFANTE",175,36.92
QUILLECO,"2. IGNACIO BRIONES ROJAS",16,3.38
QUILLECO,"3. SEBASTIAN SICHEL RAMIREZ",189,39.87
QUILLECO,"4. MARIO DESBORDES JIMENEZ",94,19.83
QUILLECO,"5. GABRIEL BORIC FONT",278,72.97
QUILLECO,"6. DANIEL JADUE JADUE",103,27.03
QUILICURA,"1. JOAQUIN LAVIN INFANTE",3268,28.95
QUILICURA,"2. IGNACIO BRIONES ROJAS",786,6.96
QUILICURA,"3. SEBASTIAN SICHEL RAMIREZ",6041,53.52
QUILICURA,"4. MARIO DESBORDES JIMENEZ",1192,10.56
QUILICURA,"5. GABRIEL BORIC FONT",13159,55.5
QUILICURA,"6. DANIEL JADUE JADUE",10550,44.5
QUILACO,"1. JOAQUIN LAVIN INFANTE",113,37.54
QUILACO,"2. IGNACIO BRIONES ROJAS",14,4.65
QUILACO,"3. SEBASTIAN SICHEL RAMIREZ",141,46.84
QUILACO,"4. MARIO DESBORDES JIMENEZ",33,10.96
QUILACO,"5. GABRIEL BORIC FONT",115,64.25
QUILACO,"6. DANIEL JADUE JADUE",64,35.75
QUEMCHI,"1. JOAQUIN LAVIN INFANTE",122,42.07
QUEMCHI,"2. IGNACIO BRIONES ROJAS",20,6.9
QUEMCHI,"3. SEBASTIAN SICHEL RAMIREZ",102,35.17
QUEMCHI,"4. MARIO DESBORDES JIMENEZ",46,15.86
QUEMCHI,"5. GABRIEL BORIC FONT",170,51.2
QUEMCHI,"6. DANIEL JADUE JADUE",162,48.8
QUELLON,"1. JOAQUIN LAVIN INFANTE",230,28.75
QUELLON,"2. IGNACIO BRIONES ROJAS",68,8.5
QUELLON,"3. SEBASTIAN SICHEL RAMIREZ",386,48.25
QUELLON,"4. MARIO DESBORDES JIMENEZ",116,14.5
QUELLON,"5. GABRIEL BORIC FONT",775,54.69
QUELLON,"6. DANIEL JADUE JADUE",642,45.31
QUEILEN,"1. JOAQUIN LAVIN INFANTE",52,28.57
QUEILEN,"2. IGNACIO BRIONES ROJAS",8,4.4
QUEILEN,"3. SEBASTIAN SICHEL RAMIREZ",101,55.49
QUEILEN,"4. MARIO DESBORDES JIMENEZ",21,11.54
QUEILEN,"5. GABRIEL BORIC FONT",167,54.4
QUEILEN,"6. DANIEL JADUE JADUE",140,45.6
PUYEHUE,"1. JOAQUIN LAVIN INFANTE",266,37.95
PUYEHUE,"2. IGNACIO BRIONES ROJAS",44,6.28
PUYEHUE,"3. SEBASTIAN SICHEL RAMIREZ",330,47.08
PUYEHUE,"4. MARIO DESBORDES JIMENEZ",61,8.7
PUYEHUE,"5. GABRIEL BORIC FONT",308,56.83
PUYEHUE,"6. DANIEL JADUE JADUE",234,43.17
PUTRE,"1. JOAQUIN LAVIN INFANTE",41,51.25
PUTRE,"2. IGNACIO BRIONES ROJAS",6,7.5
PUTRE,"3. SEBASTIAN SICHEL RAMIREZ",16,20
PUTRE,"4. MARIO DESBORDES JIMENEZ",17,21.25
PUTRE,"5. GABRIEL BORIC FONT",21,47.73
PUTRE,"6. DANIEL JADUE JADUE",23,52.27
PUTAENDO,"1. JOAQUIN LAVIN INFANTE",174,22.86
PUTAENDO,"2. IGNACIO BRIONES ROJAS",52,6.83
PUTAENDO,"3. SEBASTIAN SICHEL RAMIREZ",467,61.37
PUTAENDO,"4. MARIO DESBORDES JIMENEZ",68,8.94
PUTAENDO,"5. GABRIEL BORIC FONT",768,56.51
PUTAENDO,"6. DANIEL JADUE JADUE",591,43.49
PURRANQUE,"1. JOAQUIN LAVIN INFANTE",512,34.57
PURRANQUE,"2. IGNACIO BRIONES ROJAS",96,6.48
PURRANQUE,"3. SEBASTIAN SICHEL RAMIREZ",741,50.03
PURRANQUE,"4. MARIO DESBORDES JIMENEZ",132,8.91
PURRANQUE,"5. GABRIEL BORIC FONT",657,61.34
PURRANQUE,"6. DANIEL JADUE JADUE",414,38.66
PUREN,"1. JOAQUIN LAVIN INFANTE",318,35.18
PUREN,"2. IGNACIO BRIONES ROJAS",47,5.2
PUREN,"3. SEBASTIAN SICHEL RAMIREZ",449,49.67
PUREN,"4. MARIO DESBORDES JIMENEZ",90,9.96
PUREN,"5. GABRIEL BORIC FONT",356,64.03
PUREN,"6. DANIEL JADUE JADUE",200,35.97
PUQUELDON,"1. JOAQUIN LAVIN INFANTE",24,30
PUQUELDON,"2. IGNACIO BRIONES ROJAS",6,7.5
PUQUELDON,"3. SEBASTIAN SICHEL RAMIREZ",38,47.5
PUQUELDON,"4. MARIO DESBORDES JIMENEZ",12,15
PUQUELDON,"5. GABRIEL BORIC FONT",101,53.72
PUQUELDON,"6. DANIEL JADUE JADUE",87,46.28
"PUNTA ARENAS","1. JOAQUIN LAVIN INFANTE",2338,29.35
"PUNTA ARENAS","2. IGNACIO BRIONES ROJAS",765,9.6
"PUNTA ARENAS","3. SEBASTIAN SICHEL RAMIREZ",3509,44.05
"PUNTA ARENAS","4. MARIO DESBORDES JIMENEZ",1354,17
"PUNTA ARENAS","5. GABRIEL BORIC FONT",11924,76.9
"PUNTA ARENAS","6. DANIEL JADUE JADUE",3581,23.1
PUNITAQUI,"1. JOAQUIN LAVIN INFANTE",127,40.45
PUNITAQUI,"2. IGNACIO BRIONES ROJAS",21,6.69
PUNITAQUI,"3. SEBASTIAN SICHEL RAMIREZ",140,44.59
PUNITAQUI,"4. MARIO DESBORDES JIMENEZ",26,8.28
PUNITAQUI,"5. GABRIEL BORIC FONT",440,62.59
PUNITAQUI,"6. DANIEL JADUE JADUE",263,37.41
PUMANQUE,"1. JOAQUIN LAVIN INFANTE",106,26.57
PUMANQUE,"2. IGNACIO BRIONES ROJAS",22,5.51
PUMANQUE,"3. SEBASTIAN SICHEL RAMIREZ",252,63.16
PUMANQUE,"4. MARIO DESBORDES JIMENEZ",19,4.76
PUMANQUE,"5. GABRIEL BORIC FONT",142,59.17
PUMANQUE,"6. DANIEL JADUE JADUE",98,40.83
"PUERTO VARAS","1. JOAQUIN LAVIN INFANTE",1350,25.12
"PUERTO VARAS","2. IGNACIO BRIONES ROJAS",797,14.83
"PUERTO VARAS","3. SEBASTIAN SICHEL RAMIREZ",2905,54.05
"PUERTO VARAS","4. MARIO DESBORDES JIMENEZ",323,6.01
"PUERTO VARAS","5. GABRIEL BORIC FONT",2904,72.95
"PUERTO VARAS","6. DANIEL JADUE JADUE",1077,27.05
"PUERTO OCTAY","1. JOAQUIN LAVIN INFANTE",251,45.89
"PUERTO OCTAY","2. IGNACIO BRIONES ROJAS",39,7.13
"PUERTO OCTAY","3. SEBASTIAN SICHEL RAMIREZ",217,39.67
"PUERTO OCTAY","4. MARIO DESBORDES JIMENEZ",40,7.31
"PUERTO OCTAY","5. GABRIEL BORIC FONT",255,56.79
"PUERTO OCTAY","6. DANIEL JADUE JADUE",194,43.21
"PUERTO MONTT","1. JOAQUIN LAVIN INFANTE",3962,27.54
"PUERTO MONTT","2. IGNACIO BRIONES ROJAS",1171,8.14
"PUERTO MONTT","3. SEBASTIAN SICHEL RAMIREZ",7621,52.97
"PUERTO MONTT","4. MARIO DESBORDES JIMENEZ",1633,11.35
"PUERTO MONTT","5. GABRIEL BORIC FONT",11999,66.38
"PUERTO MONTT","6. DANIEL JADUE JADUE",6076,33.62
"PUENTE ALTO","1. JOAQUIN LAVIN INFANTE",7269,24.94
"PUENTE ALTO","2. IGNACIO BRIONES ROJAS",2116,7.26
"PUENTE ALTO","3. SEBASTIAN SICHEL RAMIREZ",16372,56.17
"PUENTE ALTO","4. MARIO DESBORDES JIMENEZ",3391,11.63
"PUENTE ALTO","5. GABRIEL BORIC FONT",35246,54.97
"PUENTE ALTO","6. DANIEL JADUE JADUE",28877,45.03
PUDAHUEL,"1. JOAQUIN LAVIN INFANTE",4025,31.18
PUDAHUEL,"2. IGNACIO BRIONES ROJAS",914,7.08
PUDAHUEL,"3. SEBASTIAN SICHEL RAMIREZ",6488,50.26
PUDAHUEL,"4. MARIO DESBORDES JIMENEZ",1483,11.49
PUDAHUEL,"5. GABRIEL BORIC FONT",14554,53.06
PUDAHUEL,"6. DANIEL JADUE JADUE",12877,46.94
PUCON,"1. JOAQUIN LAVIN INFANTE",651,25.55
PUCON,"2. IGNACIO BRIONES ROJAS",246,9.65
PUCON,"3. SEBASTIAN SICHEL RAMIREZ",1430,56.12
PUCON,"4. MARIO DESBORDES JIMENEZ",221,8.67
PUCON,"5. GABRIEL BORIC FONT",1579,61.27
PUCON,"6. DANIEL JADUE JADUE",998,38.73
PUCHUNCAVI,"1. JOAQUIN LAVIN INFANTE",427,26.69
PUCHUNCAVI,"2. IGNACIO BRIONES ROJAS",161,10.06
PUCHUNCAVI,"3. SEBASTIAN SICHEL RAMIREZ",868,54.25
PUCHUNCAVI,"4. MARIO DESBORDES JIMENEZ",144,9
PUCHUNCAVI,"5. GABRIEL BORIC FONT",1138,55.62
PUCHUNCAVI,"6. DANIEL JADUE JADUE",908,44.38
PROVIDENCIA,"1. JOAQUIN LAVIN INFANTE",9627,32.23
PROVIDENCIA,"2. IGNACIO BRIONES ROJAS",5591,18.72
PROVIDENCIA,"3. SEBASTIAN SICHEL RAMIREZ",12729,42.61
PROVIDENCIA,"4. MARIO DESBORDES JIMENEZ",1925,6.44
PROVIDENCIA,"5. GABRIEL BORIC FONT",26216,76.65
PROVIDENCIA,"6. DANIEL JADUE JADUE",7987,23.35
PRIMAVERA,"1. JOAQUIN LAVIN INFANTE",9,29.03
PRIMAVERA,"2. IGNACIO BRIONES ROJAS",4,12.9
PRIMAVERA,"3. SEBASTIAN SICHEL RAMIREZ",16,51.61
PRIMAVERA,"4. MARIO DESBORDES JIMENEZ",2,6.45
PRIMAVERA,"5. GABRIEL BORIC FONT",34,82.93
PRIMAVERA,"6. DANIEL JADUE JADUE",7,17.07
"POZO ALMONTE","1. JOAQUIN LAVIN INFANTE",207,41.57
"POZO ALMONTE","2. IGNACIO BRIONES ROJAS",31,6.22
"POZO ALMONTE","3. SEBASTIAN SICHEL RAMIREZ",179,35.94
"POZO ALMONTE","4. MARIO DESBORDES JIMENEZ",81,16.27
"POZO ALMONTE","5. GABRIEL BORIC FONT",299,51.73
"POZO ALMONTE","6. DANIEL JADUE JADUE",279,48.27
PORVENIR,"1. JOAQUIN LAVIN INFANTE",62,27.56
PORVENIR,"2. IGNACIO BRIONES ROJAS",30,13.33
PORVENIR,"3. SEBASTIAN SICHEL RAMIREZ",96,42.67
PORVENIR,"4. MARIO DESBORDES JIMENEZ",37,16.44
PORVENIR,"5. GABRIEL BORIC FONT",280,73.11
PORVENIR,"6. DANIEL JADUE JADUE",103,26.89
PORTEZUELO,"1. JOAQUIN LAVIN INFANTE",383,66.26
PORTEZUELO,"2. IGNACIO BRIONES ROJAS",18,3.11
PORTEZUELO,"3. SEBASTIAN SICHEL RAMIREZ",138,23.88
PORTEZUELO,"4. MARIO DESBORDES JIMENEZ",39,6.75
PORTEZUELO,"5. GABRIEL BORIC FONT",173,70.9
PORTEZUELO,"6. DANIEL JADUE JADUE",71,29.1
PLACILLA,"1. JOAQUIN LAVIN INFANTE",213,34.3
PLACILLA,"2. IGNACIO BRIONES ROJAS",50,8.05
PLACILLA,"3. SEBASTIAN SICHEL RAMIREZ",296,47.67
PLACILLA,"4. MARIO DESBORDES JIMENEZ",62,9.98
PLACILLA,"5. GABRIEL BORIC FONT",337,62.99
PLACILLA,"6. DANIEL JADUE JADUE",198,37.01
PITRUFQUEN,"1. JOAQUIN LAVIN INFANTE",664,38.38
PITRUFQUEN,"2. IGNACIO BRIONES ROJAS",105,6.07
PITRUFQUEN,"3. SEBASTIAN SICHEL RAMIREZ",746,43.12
PITRUFQUEN,"4. MARIO DESBORDES JIMENEZ",215,12.43
PITRUFQUEN,"5. GABRIEL BORIC FONT",810,63.28
PITRUFQUEN,"6. DANIEL JADUE JADUE",470,36.72
PIRQUE,"1. JOAQUIN LAVIN INFANTE",880,28.37
PIRQUE,"2. IGNACIO BRIONES ROJAS",391,12.6
PIRQUE,"3. SEBASTIAN SICHEL RAMIREZ",1589,51.23
PIRQUE,"4. MARIO DESBORDES JIMENEZ",242,7.8
PIRQUE,"5. GABRIEL BORIC FONT",2247,62.42
PIRQUE,"6. DANIEL JADUE JADUE",1353,37.58
PINTO,"1. JOAQUIN LAVIN INFANTE",495,41.42
PINTO,"2. IGNACIO BRIONES ROJAS",77,6.44
PINTO,"3. SEBASTIAN SICHEL RAMIREZ",525,43.93
PINTO,"4. MARIO DESBORDES JIMENEZ",98,8.2
PINTO,"5. GABRIEL BORIC FONT",355,67.36
PINTO,"6. DANIEL JADUE JADUE",172,32.64
PICHILEMU,"1. JOAQUIN LAVIN INFANTE",451,27.84
PICHILEMU,"2. IGNACIO BRIONES ROJAS",111,6.85
PICHILEMU,"3. SEBASTIAN SICHEL RAMIREZ",943,58.21
PICHILEMU,"4. MARIO DESBORDES JIMENEZ",115,7.1
PICHILEMU,"5. GABRIEL BORIC FONT",1105,61.66
PICHILEMU,"6. DANIEL JADUE JADUE",687,38.34
PICHIDEGUA,"1. JOAQUIN LAVIN INFANTE",298,28.9
PICHIDEGUA,"2. IGNACIO BRIONES ROJAS",51,4.95
PICHIDEGUA,"3. SEBASTIAN SICHEL RAMIREZ",630,61.11
PICHIDEGUA,"4. MARIO DESBORDES JIMENEZ",52,5.04
PICHIDEGUA,"5. GABRIEL BORIC FONT",705,67.02
PICHIDEGUA,"6. DANIEL JADUE JADUE",347,32.98
PICA,"1. JOAQUIN LAVIN INFANTE",176,44.33
PICA,"2. IGNACIO BRIONES ROJAS",17,4.28
PICA,"3. SEBASTIAN SICHEL RAMIREZ",175,44.08
PICA,"4. MARIO DESBORDES JIMENEZ",29,7.3
PICA,"5. GABRIEL BORIC FONT",175,48.75
PICA,"6. DANIEL JADUE JADUE",184,51.25
"PEÑALOLEN","1. JOAQUIN LAVIN INFANTE",6091,31.86
"PEÑALOLEN","2. IGNACIO BRIONES ROJAS",2037,10.65
"PEÑALOLEN","3. SEBASTIAN SICHEL RAMIREZ",9374,49.03
"PEÑALOLEN","4. MARIO DESBORDES JIMENEZ",1618,8.46
"PEÑALOLEN","5. GABRIEL BORIC FONT",19311,61.08
"PEÑALOLEN","6. DANIEL JADUE JADUE",12305,38.92
"PEÑAFLOR","1. JOAQUIN LAVIN INFANTE",1864,29.25
"PEÑAFLOR","2. IGNACIO BRIONES ROJAS",495,7.77
"PEÑAFLOR","3. SEBASTIAN SICHEL RAMIREZ",3354,52.63
"PEÑAFLOR","4. MARIO DESBORDES JIMENEZ",660,10.36
"PEÑAFLOR","5. GABRIEL BORIC FONT",6726,58.34
"PEÑAFLOR","6. DANIEL JADUE JADUE",4802,41.66
PEUMO,"1. JOAQUIN LAVIN INFANTE",229,28.03
PEUMO,"2. IGNACIO BRIONES ROJAS",60,7.34
PEUMO,"3. SEBASTIAN SICHEL RAMIREZ",444,54.35
PEUMO,"4. MARIO DESBORDES JIMENEZ",84,10.28
PEUMO,"5. GABRIEL BORIC FONT",654,58.81
PEUMO,"6. DANIEL JADUE JADUE",458,41.19
PETORCA,"1. JOAQUIN LAVIN INFANTE",108,30.25
PETORCA,"2. IGNACIO BRIONES ROJAS",33,9.24
PETORCA,"3. SEBASTIAN SICHEL RAMIREZ",189,52.94
PETORCA,"4. MARIO DESBORDES JIMENEZ",27,7.56
PETORCA,"5. GABRIEL BORIC FONT",402,49.75
PETORCA,"6. DANIEL JADUE JADUE",406,50.25
PERQUENCO,"1. JOAQUIN LAVIN INFANTE",139,30.09
PERQUENCO,"2. IGNACIO BRIONES ROJAS",38,8.23
PERQUENCO,"3. SEBASTIAN SICHEL RAMIREZ",248,53.68
PERQUENCO,"4. MARIO DESBORDES JIMENEZ",37,8.01
PERQUENCO,"5. GABRIEL BORIC FONT",191,58.23
PERQUENCO,"6. DANIEL JADUE JADUE",137,41.77
PERALILLO,"1. JOAQUIN LAVIN INFANTE",237,30.42
PERALILLO,"2. IGNACIO BRIONES ROJAS",31,3.98
PERALILLO,"3. SEBASTIAN SICHEL RAMIREZ",466,59.82
PERALILLO,"4. MARIO DESBORDES JIMENEZ",45,5.78
PERALILLO,"5. GABRIEL BORIC FONT",516,72.68
PERALILLO,"6. DANIEL JADUE JADUE",194,27.32
PENCO,"1. JOAQUIN LAVIN INFANTE",810,27.78
PENCO,"2. IGNACIO BRIONES ROJAS",238,8.16
PENCO,"3. SEBASTIAN SICHEL RAMIREZ",1496,51.3
PENCO,"4. MARIO DESBORDES JIMENEZ",372,12.76
PENCO,"5. GABRIEL BORIC FONT",2867,64.37
PENCO,"6. DANIEL JADUE JADUE",1587,35.63
PENCAHUE,"1. JOAQUIN LAVIN INFANTE",309,35.19
PENCAHUE,"2. IGNACIO BRIONES ROJAS",53,6.04
PENCAHUE,"3. SEBASTIAN SICHEL RAMIREZ",393,44.76
PENCAHUE,"4. MARIO DESBORDES JIMENEZ",123,14.01
PENCAHUE,"5. GABRIEL BORIC FONT",353,66.6
PENCAHUE,"6. DANIEL JADUE JADUE",177,33.4
PEMUCO,"1. JOAQUIN LAVIN INFANTE",211,28.06
PEMUCO,"2. IGNACIO BRIONES ROJAS",30,3.99
PEMUCO,"3. SEBASTIAN SICHEL RAMIREZ",309,41.09
PEMUCO,"4. MARIO DESBORDES JIMENEZ",202,26.86
PEMUCO,"5. GABRIEL BORIC FONT",212,61.99
PEMUCO,"6. DANIEL JADUE JADUE",130,38.01
PELLUHUE,"1. JOAQUIN LAVIN INFANTE",337,43.26
PELLUHUE,"2. IGNACIO BRIONES ROJAS",55,7.06
PELLUHUE,"3. SEBASTIAN SICHEL RAMIREZ",291,37.36
PELLUHUE,"4. MARIO DESBORDES JIMENEZ",96,12.32
PELLUHUE,"5. GABRIEL BORIC FONT",346,60.7
PELLUHUE,"6. DANIEL JADUE JADUE",224,39.3
PELARCO,"1. JOAQUIN LAVIN INFANTE",209,32.5
PELARCO,"2. IGNACIO BRIONES ROJAS",46,7.15
PELARCO,"3. SEBASTIAN SICHEL RAMIREZ",303,47.12
PELARCO,"4. MARIO DESBORDES JIMENEZ",85,13.22
PELARCO,"5. GABRIEL BORIC FONT",268,63.96
PELARCO,"6. DANIEL JADUE JADUE",151,36.04
"PEDRO AGUIRRE CERDA","1. JOAQUIN LAVIN INFANTE",2078,32.5
"PEDRO AGUIRRE CERDA","2. IGNACIO BRIONES ROJAS",454,7.1
"PEDRO AGUIRRE CERDA","3. SEBASTIAN SICHEL RAMIREZ",3101,48.51
"PEDRO AGUIRRE CERDA","4. MARIO DESBORDES JIMENEZ",760,11.89
"PEDRO AGUIRRE CERDA","5. GABRIEL BORIC FONT",7711,44.02
"PEDRO AGUIRRE CERDA","6. DANIEL JADUE JADUE",9805,55.98
PARRAL,"1. JOAQUIN LAVIN INFANTE",1050,32.95
PARRAL,"2. IGNACIO BRIONES ROJAS",216,6.78
PARRAL,"3. SEBASTIAN SICHEL RAMIREZ",1559,48.92
PARRAL,"4. MARIO DESBORDES JIMENEZ",362,11.36
PARRAL,"5. GABRIEL BORIC FONT",1550,68.07
PARRAL,"6. DANIEL JADUE JADUE",727,31.93
PAREDONES,"1. JOAQUIN LAVIN INFANTE",156,29.66
PAREDONES,"2. IGNACIO BRIONES ROJAS",22,4.18
PAREDONES,"3. SEBASTIAN SICHEL RAMIREZ",293,55.7
PAREDONES,"4. MARIO DESBORDES JIMENEZ",55,10.46
PAREDONES,"5. GABRIEL BORIC FONT",282,63.23
PAREDONES,"6. DANIEL JADUE JADUE",164,36.77
PAPUDO,"1. JOAQUIN LAVIN INFANTE",220,26.47
PAPUDO,"2. IGNACIO BRIONES ROJAS",62,7.46
PAPUDO,"3. SEBASTIAN SICHEL RAMIREZ",435,52.35
PAPUDO,"4. MARIO DESBORDES JIMENEZ",114,13.72
PAPUDO,"5. GABRIEL BORIC FONT",483,58.9
PAPUDO,"6. DANIEL JADUE JADUE",337,41.1
PANQUEHUE,"1. JOAQUIN LAVIN INFANTE",141,24.52
PANQUEHUE,"2. IGNACIO BRIONES ROJAS",35,6.09
PANQUEHUE,"3. SEBASTIAN SICHEL RAMIREZ",348,60.52
PANQUEHUE,"4. MARIO DESBORDES JIMENEZ",51,8.87
PANQUEHUE,"5. GABRIEL BORIC FONT",292,62.93
PANQUEHUE,"6. DANIEL JADUE JADUE",172,37.07
PANGUIPULLI,"1. JOAQUIN LAVIN INFANTE",882,36.75
PANGUIPULLI,"2. IGNACIO BRIONES ROJAS",185,7.71
PANGUIPULLI,"3. SEBASTIAN SICHEL RAMIREZ",1034,43.08
PANGUIPULLI,"4. MARIO DESBORDES JIMENEZ",299,12.46
PANGUIPULLI,"5. GABRIEL BORIC FONT",1296,62.76
PANGUIPULLI,"6. DANIEL JADUE JADUE",769,37.24
PALMILLA,"1. JOAQUIN LAVIN INFANTE",167,20.69
PALMILLA,"2. IGNACIO BRIONES ROJAS",30,3.72
PALMILLA,"3. SEBASTIAN SICHEL RAMIREZ",561,69.52
PALMILLA,"4. MARIO DESBORDES JIMENEZ",49,6.07
PALMILLA,"5. GABRIEL BORIC FONT",366,63.32
PALMILLA,"6. DANIEL JADUE JADUE",212,36.68
PALENA,"1. JOAQUIN LAVIN INFANTE",44,40.74
PALENA,"2. IGNACIO BRIONES ROJAS",7,6.48
PALENA,"3. SEBASTIAN SICHEL RAMIREZ",46,42.59
PALENA,"4. MARIO DESBORDES JIMENEZ",11,10.19
PALENA,"5. GABRIEL BORIC FONT",58,61.05
PALENA,"6. DANIEL JADUE JADUE",37,38.95
PAINE,"1. JOAQUIN LAVIN INFANTE",1730,33.27
PAINE,"2. IGNACIO BRIONES ROJAS",461,8.87
PAINE,"3. SEBASTIAN SICHEL RAMIREZ",2504,48.15
PAINE,"4. MARIO DESBORDES JIMENEZ",505,9.71
PAINE,"5. GABRIEL BORIC FONT",3810,60.16
PAINE,"6. DANIEL JADUE JADUE",2523,39.84
PAILLACO,"1. JOAQUIN LAVIN INFANTE",485,34.2
PAILLACO,"2. IGNACIO BRIONES ROJAS",89,6.28
PAILLACO,"3. SEBASTIAN SICHEL RAMIREZ",635,44.78
PAILLACO,"4. MARIO DESBORDES JIMENEZ",209,14.74
PAILLACO,"5. GABRIEL BORIC FONT",698,61.55
PAILLACO,"6. DANIEL JADUE JADUE",436,38.45
PAIHUANO,"1. JOAQUIN LAVIN INFANTE",71,17.32
PAIHUANO,"2. IGNACIO BRIONES ROJAS",29,7.07
PAIHUANO,"3. SEBASTIAN SICHEL RAMIREZ",163,39.76
PAIHUANO,"4. MARIO DESBORDES JIMENEZ",147,35.85
PAIHUANO,"5. GABRIEL BORIC FONT",207,50
PAIHUANO,"6. DANIEL JADUE JADUE",207,50
"PADRE LAS CASAS","1. JOAQUIN LAVIN INFANTE",1308,31.19
"PADRE LAS CASAS","2. IGNACIO BRIONES ROJAS",260,6.2
"PADRE LAS CASAS","3. SEBASTIAN SICHEL RAMIREZ",2109,50.3
"PADRE LAS CASAS","4. MARIO DESBORDES JIMENEZ",516,12.31
"PADRE LAS CASAS","5. GABRIEL BORIC FONT",2319,63
"PADRE LAS CASAS","6. DANIEL JADUE JADUE",1362,37
"PADRE HURTADO","1. JOAQUIN LAVIN INFANTE",1363,29.81
"PADRE HURTADO","2. IGNACIO BRIONES ROJAS",373,8.16
"PADRE HURTADO","3. SEBASTIAN SICHEL RAMIREZ",2298,50.26
"PADRE HURTADO","4. MARIO DESBORDES JIMENEZ",538,11.77
"PADRE HURTADO","5. GABRIEL BORIC FONT",4607,60.4
"PADRE HURTADO","6. DANIEL JADUE JADUE",3021,39.6
OVALLE,"1. JOAQUIN LAVIN INFANTE",1545,31.16
OVALLE,"2. IGNACIO BRIONES ROJAS",422,8.51
OVALLE,"3. SEBASTIAN SICHEL RAMIREZ",2480,50.01
OVALLE,"4. MARIO DESBORDES JIMENEZ",512,10.32
OVALLE,"5. GABRIEL BORIC FONT",4442,57.28
OVALLE,"6. DANIEL JADUE JADUE",3313,42.72
OSORNO,"1. JOAQUIN LAVIN INFANTE",3410,27.19
OSORNO,"2. IGNACIO BRIONES ROJAS",954,7.61
OSORNO,"3. SEBASTIAN SICHEL RAMIREZ",7011,55.9
OSORNO,"4. MARIO DESBORDES JIMENEZ",1167,9.3
OSORNO,"5. GABRIEL BORIC FONT",7778,62.8
OSORNO,"6. DANIEL JADUE JADUE",4608,37.2
OLMUE,"1. JOAQUIN LAVIN INFANTE",478,31.55
OLMUE,"2. IGNACIO BRIONES ROJAS",154,10.17
OLMUE,"3. SEBASTIAN SICHEL RAMIREZ",706,46.6
OLMUE,"4. MARIO DESBORDES JIMENEZ",177,11.68
OLMUE,"5. GABRIEL BORIC FONT",935,58.69
OLMUE,"6. DANIEL JADUE JADUE",658,41.31
OLLAGUE,"1. JOAQUIN LAVIN INFANTE",13,56.52
OLLAGUE,"2. IGNACIO BRIONES ROJAS",0,0
OLLAGUE,"3. SEBASTIAN SICHEL RAMIREZ",4,17.39
OLLAGUE,"4. MARIO DESBORDES JIMENEZ",6,26.09
OLLAGUE,"5. GABRIEL BORIC FONT",15,60
OLLAGUE,"6. DANIEL JADUE JADUE",10,40
OLIVAR,"1. JOAQUIN LAVIN INFANTE",313,25.2
OLIVAR,"2. IGNACIO BRIONES ROJAS",68,5.48
OLIVAR,"3. SEBASTIAN SICHEL RAMIREZ",781,62.88
OLIVAR,"4. MARIO DESBORDES JIMENEZ",80,6.44
OLIVAR,"5. GABRIEL BORIC FONT",826,71.7
OLIVAR,"6. DANIEL JADUE JADUE",326,28.3
"O'HIGGINS","1. JOAQUIN LAVIN INFANTE",32,57.14
"O'HIGGINS","2. IGNACIO BRIONES ROJAS",3,5.36
"O'HIGGINS","3. SEBASTIAN SICHEL RAMIREZ",6,10.71
"O'HIGGINS","4. MARIO DESBORDES JIMENEZ",15,26.79
"O'HIGGINS","5. GABRIEL BORIC FONT",20,50
"O'HIGGINS","6. DANIEL JADUE JADUE",20,50
"NUEVA IMPERIAL","1. JOAQUIN LAVIN INFANTE",676,37.33
"NUEVA IMPERIAL","2. IGNACIO BRIONES ROJAS",99,5.47
"NUEVA IMPERIAL","3. SEBASTIAN SICHEL RAMIREZ",752,41.52
"NUEVA IMPERIAL","4. MARIO DESBORDES JIMENEZ",284,15.68
"NUEVA IMPERIAL","5. GABRIEL BORIC FONT",1112,63.47
"NUEVA IMPERIAL","6. DANIEL JADUE JADUE",640,36.53
NOGALES,"1. JOAQUIN LAVIN INFANTE",304,26.23
NOGALES,"2. IGNACIO BRIONES ROJAS",77,6.64
NOGALES,"3. SEBASTIAN SICHEL RAMIREZ",649,56
NOGALES,"4. MARIO DESBORDES JIMENEZ",129,11.13
NOGALES,"5. GABRIEL BORIC FONT",1147,54.75
NOGALES,"6. DANIEL JADUE JADUE",948,45.25
NINHUE,"1. JOAQUIN LAVIN INFANTE",213,53.52
NINHUE,"2. IGNACIO BRIONES ROJAS",17,4.27
NINHUE,"3. SEBASTIAN SICHEL RAMIREZ",143,35.93
NINHUE,"4. MARIO DESBORDES JIMENEZ",25,6.28
NINHUE,"5. GABRIEL BORIC FONT",132,58.41
NINHUE,"6. DANIEL JADUE JADUE",94,41.59
NEGRETE,"1. JOAQUIN LAVIN INFANTE",284,36.79
NEGRETE,"2. IGNACIO BRIONES ROJAS",50,6.48
NEGRETE,"3. SEBASTIAN SICHEL RAMIREZ",354,45.85
NEGRETE,"4. MARIO DESBORDES JIMENEZ",84,10.88
NEGRETE,"5. GABRIEL BORIC FONT",277,70.48
NEGRETE,"6. DANIEL JADUE JADUE",116,29.52
NAVIDAD,"1. JOAQUIN LAVIN INFANTE",146,24.25
NAVIDAD,"2. IGNACIO BRIONES ROJAS",68,11.3
NAVIDAD,"3. SEBASTIAN SICHEL RAMIREZ",332,55.15
NAVIDAD,"4. MARIO DESBORDES JIMENEZ",56,9.3
NAVIDAD,"5. GABRIEL BORIC FONT",401,57.95
NAVIDAD,"6. DANIEL JADUE JADUE",291,42.05
NATALES,"1. JOAQUIN LAVIN INFANTE",312,40.05
NATALES,"2. IGNACIO BRIONES ROJAS",68,8.73
NATALES,"3. SEBASTIAN SICHEL RAMIREZ",287,36.84
NATALES,"4. MARIO DESBORDES JIMENEZ",112,14.38
NATALES,"5. GABRIEL BORIC FONT",1199,68.59
NATALES,"6. DANIEL JADUE JADUE",549,31.41
NANCAGUA,"1. JOAQUIN LAVIN INFANTE",297,27.55
NANCAGUA,"2. IGNACIO BRIONES ROJAS",84,7.79
NANCAGUA,"3. SEBASTIAN SICHEL RAMIREZ",635,58.91
NANCAGUA,"4. MARIO DESBORDES JIMENEZ",62,5.75
NANCAGUA,"5. GABRIEL BORIC FONT",757,66.81
NANCAGUA,"6. DANIEL JADUE JADUE",376,33.19
NACIMIENTO,"1. JOAQUIN LAVIN INFANTE",545,32.83
NACIMIENTO,"2. IGNACIO BRIONES ROJAS",120,7.23
NACIMIENTO,"3. SEBASTIAN SICHEL RAMIREZ",810,48.8
NACIMIENTO,"4. MARIO DESBORDES JIMENEZ",185,11.14
NACIMIENTO,"5. GABRIEL BORIC FONT",1056,68.97
NACIMIENTO,"6. DANIEL JADUE JADUE",475,31.03
MULCHEN,"1. JOAQUIN LAVIN INFANTE",529,33.29
MULCHEN,"2. IGNACIO BRIONES ROJAS",112,7.05
MULCHEN,"3. SEBASTIAN SICHEL RAMIREZ",753,47.39
MULCHEN,"4. MARIO DESBORDES JIMENEZ",195,12.27
MULCHEN,"5. GABRIEL BORIC FONT",842,67.25
MULCHEN,"6. DANIEL JADUE JADUE",410,32.75
MOSTAZAL,"1. JOAQUIN LAVIN INFANTE",486,29.38
MOSTAZAL,"2. IGNACIO BRIONES ROJAS",140,8.46
MOSTAZAL,"3. SEBASTIAN SICHEL RAMIREZ",891,53.87
MOSTAZAL,"4. MARIO DESBORDES JIMENEZ",137,8.28
MOSTAZAL,"5. GABRIEL BORIC FONT",1240,52.92
MOSTAZAL,"6. DANIEL JADUE JADUE",1103,47.08
"MONTE PATRIA","1. JOAQUIN LAVIN INFANTE",414,37.88
"MONTE PATRIA","2. IGNACIO BRIONES ROJAS",106,9.7
"MONTE PATRIA","3. SEBASTIAN SICHEL RAMIREZ",468,42.82
"MONTE PATRIA","4. MARIO DESBORDES JIMENEZ",105,9.61
"MONTE PATRIA","5. GABRIEL BORIC FONT",792,53.62
"MONTE PATRIA","6. DANIEL JADUE JADUE",685,46.38
MOLINA,"1. JOAQUIN LAVIN INFANTE",940,30.85
MOLINA,"2. IGNACIO BRIONES ROJAS",212,6.96
MOLINA,"3. SEBASTIAN SICHEL RAMIREZ",1500,49.23
MOLINA,"4. MARIO DESBORDES JIMENEZ",395,12.96
MOLINA,"5. GABRIEL BORIC FONT",2132,62.6
MOLINA,"6. DANIEL JADUE JADUE",1274,37.4
MELIPILLA,"1. JOAQUIN LAVIN INFANTE",2297,29.78
MELIPILLA,"2. IGNACIO BRIONES ROJAS",555,7.2
MELIPILLA,"3. SEBASTIAN SICHEL RAMIREZ",4166,54.01
MELIPILLA,"4. MARIO DESBORDES JIMENEZ",695,9.01
MELIPILLA,"5. GABRIEL BORIC FONT",5703,62.58
MELIPILLA,"6. DANIEL JADUE JADUE",3410,37.42
MELIPEUCO,"1. JOAQUIN LAVIN INFANTE",111,35.46
MELIPEUCO,"2. IGNACIO BRIONES ROJAS",16,5.11
MELIPEUCO,"3. SEBASTIAN SICHEL RAMIREZ",134,42.81
MELIPEUCO,"4. MARIO DESBORDES JIMENEZ",52,16.61
MELIPEUCO,"5. GABRIEL BORIC FONT",120,50.42
MELIPEUCO,"6. DANIEL JADUE JADUE",118,49.58
MEJILLONES,"1. JOAQUIN LAVIN INFANTE",101,27.08
MEJILLONES,"2. IGNACIO BRIONES ROJAS",33,8.85
MEJILLONES,"3. SEBASTIAN SICHEL RAMIREZ",198,53.08
MEJILLONES,"4. MARIO DESBORDES JIMENEZ",41,10.99
MEJILLONES,"5. GABRIEL BORIC FONT",339,37.92
MEJILLONES,"6. DANIEL JADUE JADUE",555,62.08
MAULLIN,"1. JOAQUIN LAVIN INFANTE",309,44.72
MAULLIN,"2. IGNACIO BRIONES ROJAS",36,5.21
MAULLIN,"3. SEBASTIAN SICHEL RAMIREZ",267,38.64
MAULLIN,"4. MARIO DESBORDES JIMENEZ",79,11.43
MAULLIN,"5. GABRIEL BORIC FONT",329,64.13
MAULLIN,"6. DANIEL JADUE JADUE",184,35.87
MAULE,"1. JOAQUIN LAVIN INFANTE",653,30.6
MAULE,"2. IGNACIO BRIONES ROJAS",131,6.14
MAULE,"3. SEBASTIAN SICHEL RAMIREZ",961,45.03
MAULE,"4. MARIO DESBORDES JIMENEZ",389,18.23
MAULE,"5. GABRIEL BORIC FONT",1085,62.94
MAULE,"6. DANIEL JADUE JADUE",639,37.06
MARIQUINA,"1. JOAQUIN LAVIN INFANTE",288,28.29
MARIQUINA,"2. IGNACIO BRIONES ROJAS",71,6.97
MARIQUINA,"3. SEBASTIAN SICHEL RAMIREZ",536,52.65
MARIQUINA,"4. MARIO DESBORDES JIMENEZ",123,12.08
MARIQUINA,"5. GABRIEL BORIC FONT",696,64.56
MARIQUINA,"6. DANIEL JADUE JADUE",382,35.44
"MARIA PINTO","1. JOAQUIN LAVIN INFANTE",295,30.95
"MARIA PINTO","2. IGNACIO BRIONES ROJAS",81,8.5
"MARIA PINTO","3. SEBASTIAN SICHEL RAMIREZ",491,51.52
"MARIA PINTO","4. MARIO DESBORDES JIMENEZ",86,9.02
"MARIA PINTO","5. GABRIEL BORIC FONT",662,57.37
"MARIA PINTO","6. DANIEL JADUE JADUE",492,42.63
"MARIA ELENA","1. JOAQUIN LAVIN INFANTE",49,42.24
"MARIA ELENA","2. IGNACIO BRIONES ROJAS",11,9.48
"MARIA ELENA","3. SEBASTIAN SICHEL RAMIREZ",37,31.9
"MARIA ELENA","4. MARIO DESBORDES JIMENEZ",19,16.38
"MARIA ELENA","5. GABRIEL BORIC FONT",89,39.04
"MARIA ELENA","6. DANIEL JADUE JADUE",139,60.96
MARCHIGUE,"1. JOAQUIN LAVIN INFANTE",152,26.53
MARCHIGUE,"2. IGNACIO BRIONES ROJAS",22,3.84
MARCHIGUE,"3. SEBASTIAN SICHEL RAMIREZ",360,62.83
MARCHIGUE,"4. MARIO DESBORDES JIMENEZ",39,6.81
MARCHIGUE,"5. GABRIEL BORIC FONT",331,67.97
MARCHIGUE,"6. DANIEL JADUE JADUE",156,32.03
MALLOA,"1. JOAQUIN LAVIN INFANTE",260,25.37
MALLOA,"2. IGNACIO BRIONES ROJAS",55,5.37
MALLOA,"3. SEBASTIAN SICHEL RAMIREZ",613,59.8
MALLOA,"4. MARIO DESBORDES JIMENEZ",97,9.46
MALLOA,"5. GABRIEL BORIC FONT",538,66.09
MALLOA,"6. DANIEL JADUE JADUE",276,33.91
MAIPU,"1. JOAQUIN LAVIN INFANTE",9306,27.97
MAIPU,"2. IGNACIO BRIONES ROJAS",2649,7.96
MAIPU,"3. SEBASTIAN SICHEL RAMIREZ",17533,52.69
MAIPU,"4. MARIO DESBORDES JIMENEZ",3787,11.38
MAIPU,"5. GABRIEL BORIC FONT",44740,59.88
MAIPU,"6. DANIEL JADUE JADUE",29973,40.12
MAFIL,"1. JOAQUIN LAVIN INFANTE",136,24.37
MAFIL,"2. IGNACIO BRIONES ROJAS",43,7.71
MAFIL,"3. SEBASTIAN SICHEL RAMIREZ",327,58.6
MAFIL,"4. MARIO DESBORDES JIMENEZ",52,9.32
MAFIL,"5. GABRIEL BORIC FONT",244,63.21
MAFIL,"6. DANIEL JADUE JADUE",142,36.79
MACUL,"1. JOAQUIN LAVIN INFANTE",3070,31.24
MACUL,"2. IGNACIO BRIONES ROJAS",860,8.75
MACUL,"3. SEBASTIAN SICHEL RAMIREZ",4939,50.25
MACUL,"4. MARIO DESBORDES JIMENEZ",959,9.76
MACUL,"5. GABRIEL BORIC FONT",11685,60.5
MACUL,"6. DANIEL JADUE JADUE",7629,39.5
MACHALI,"1. JOAQUIN LAVIN INFANTE",1064,23.59
MACHALI,"2. IGNACIO BRIONES ROJAS",435,9.64
MACHALI,"3. SEBASTIAN SICHEL RAMIREZ",2691,59.65
MACHALI,"4. MARIO DESBORDES JIMENEZ",321,7.12
MACHALI,"5. GABRIEL BORIC FONT",3705,70.73
MACHALI,"6. DANIEL JADUE JADUE",1533,29.27
LUMACO,"1. JOAQUIN LAVIN INFANTE",197,32.83
LUMACO,"2. IGNACIO BRIONES ROJAS",28,4.67
LUMACO,"3. SEBASTIAN SICHEL RAMIREZ",341,56.83
LUMACO,"4. MARIO DESBORDES JIMENEZ",34,5.67
LUMACO,"5. GABRIEL BORIC FONT",158,55.83
LUMACO,"6. DANIEL JADUE JADUE",125,44.17
LOTA,"1. JOAQUIN LAVIN INFANTE",846,34.83
LOTA,"2. IGNACIO BRIONES ROJAS",160,6.59
LOTA,"3. SEBASTIAN SICHEL RAMIREZ",1042,42.9
LOTA,"4. MARIO DESBORDES JIMENEZ",381,15.69
LOTA,"5. GABRIEL BORIC FONT",1955,55.7
LOTA,"6. DANIEL JADUE JADUE",1555,44.3
"LOS VILOS","1. JOAQUIN LAVIN INFANTE",344,33.56
"LOS VILOS","2. IGNACIO BRIONES ROJAS",77,7.51
"LOS VILOS","3. SEBASTIAN SICHEL RAMIREZ",485,47.32
"LOS VILOS","4. MARIO DESBORDES JIMENEZ",119,11.61
"LOS VILOS","5. GABRIEL BORIC FONT",1064,54.7
"LOS VILOS","6. DANIEL JADUE JADUE",881,45.3
"LOS SAUCES","1. JOAQUIN LAVIN INFANTE",238,40.55
"LOS SAUCES","2. IGNACIO BRIONES ROJAS",37,6.3
"LOS SAUCES","3. SEBASTIAN SICHEL RAMIREZ",267,45.49
"LOS SAUCES","4. MARIO DESBORDES JIMENEZ",45,7.67
"LOS SAUCES","5. GABRIEL BORIC FONT",151,69.59
"LOS SAUCES","6. DANIEL JADUE JADUE",66,30.41
"LOS MUERMOS","1. JOAQUIN LAVIN INFANTE",539,45.29
"LOS MUERMOS","2. IGNACIO BRIONES ROJAS",62,5.21
"LOS MUERMOS","3. SEBASTIAN SICHEL RAMIREZ",503,42.27
"LOS MUERMOS","4. MARIO DESBORDES JIMENEZ",86,7.23
"LOS MUERMOS","5. GABRIEL BORIC FONT",415,71.92
"LOS MUERMOS","6. DANIEL JADUE JADUE",162,28.08
"LOS LAGOS","1. JOAQUIN LAVIN INFANTE",313,29.04
"LOS LAGOS","2. IGNACIO BRIONES ROJAS",61,5.66
"LOS LAGOS","3. SEBASTIAN SICHEL RAMIREZ",574,53.25
"LOS LAGOS","4. MARIO DESBORDES JIMENEZ",130,12.06
"LOS LAGOS","5. GABRIEL BORIC FONT",786,60.74
"LOS LAGOS","6. DANIEL JADUE JADUE",508,39.26
"LOS ANGELES","1. JOAQUIN LAVIN INFANTE",5079,30.05
"LOS ANGELES","2. IGNACIO BRIONES ROJAS",1130,6.69
"LOS ANGELES","3. SEBASTIAN SICHEL RAMIREZ",9151,54.15
"LOS ANGELES","4. MARIO DESBORDES JIMENEZ",1540,9.11
"LOS ANGELES","5. GABRIEL BORIC FONT",7605,74.26
"LOS ANGELES","6. DANIEL JADUE JADUE",2636,25.74
"LOS ANDES","1. JOAQUIN LAVIN INFANTE",1491,29.17
"LOS ANDES","2. IGNACIO BRIONES ROJAS",390,7.63
"LOS ANDES","3. SEBASTIAN SICHEL RAMIREZ",2670,52.24
"LOS ANDES","4. MARIO DESBORDES JIMENEZ",560,10.96
"LOS ANDES","5. GABRIEL BORIC FONT",4569,65.16
"LOS ANDES","6. DANIEL JADUE JADUE",2443,34.84
"LOS ALAMOS","1. JOAQUIN LAVIN INFANTE",510,44.7
"LOS ALAMOS","2. IGNACIO BRIONES ROJAS",69,6.05
"LOS ALAMOS","3. SEBASTIAN SICHEL RAMIREZ",383,33.57
"LOS ALAMOS","4. MARIO DESBORDES JIMENEZ",179,15.69
"LOS ALAMOS","5. GABRIEL BORIC FONT",523,60.96
"LOS ALAMOS","6. DANIEL JADUE JADUE",335,39.04
LONQUIMAY,"1. JOAQUIN LAVIN INFANTE",175,36.38
LONQUIMAY,"2. IGNACIO BRIONES ROJAS",40,8.32
LONQUIMAY,"3. SEBASTIAN SICHEL RAMIREZ",212,44.07
LONQUIMAY,"4. MARIO DESBORDES JIMENEZ",54,11.23
LONQUIMAY,"5. GABRIEL BORIC FONT",148,56.06
LONQUIMAY,"6. DANIEL JADUE JADUE",116,43.94
LONGAVI,"1. JOAQUIN LAVIN INFANTE",788,48.34
LONGAVI,"2. IGNACIO BRIONES ROJAS",80,4.91
LONGAVI,"3. SEBASTIAN SICHEL RAMIREZ",535,32.82
LONGAVI,"4. MARIO DESBORDES JIMENEZ",227,13.93
LONGAVI,"5. GABRIEL BORIC FONT",687,61.39
LONGAVI,"6. DANIEL JADUE JADUE",432,38.61
LONCOCHE,"1. JOAQUIN LAVIN INFANTE",467,31.9
LONCOCHE,"2. IGNACIO BRIONES ROJAS",121,8.27
LONCOCHE,"3. SEBASTIAN SICHEL RAMIREZ",670,45.77
LONCOCHE,"4. MARIO DESBORDES JIMENEZ",206,14.07
LONCOCHE,"5. GABRIEL BORIC FONT",796,61.18
LONCOCHE,"6. DANIEL JADUE JADUE",505,38.82
LOLOL,"1. JOAQUIN LAVIN INFANTE",155,29.08
LOLOL,"2. IGNACIO BRIONES ROJAS",46,8.63
LOLOL,"3. SEBASTIAN SICHEL RAMIREZ",302,56.66
LOLOL,"4. MARIO DESBORDES JIMENEZ",30,5.63
LOLOL,"5. GABRIEL BORIC FONT",278,71.65
LOLOL,"6. DANIEL JADUE JADUE",110,28.35
"LO PRADO","1. JOAQUIN LAVIN INFANTE",2163,32.2
"LO PRADO","2. IGNACIO BRIONES ROJAS",459,6.83
"LO PRADO","3. SEBASTIAN SICHEL RAMIREZ",3197,47.6
"LO PRADO","4. MARIO DESBORDES JIMENEZ",898,13.37
"LO PRADO","5. GABRIEL BORIC FONT",6723,50.61
"LO PRADO","6. DANIEL JADUE JADUE",6560,49.39
"LO ESPEJO","1. JOAQUIN LAVIN INFANTE",1783,34.01
"LO ESPEJO","2. IGNACIO BRIONES ROJAS",329,6.28
"LO ESPEJO","3. SEBASTIAN SICHEL RAMIREZ",2471,47.14
"LO ESPEJO","4. MARIO DESBORDES JIMENEZ",659,12.57
"LO ESPEJO","5. GABRIEL BORIC FONT",5417,44.98
"LO ESPEJO","6. DANIEL JADUE JADUE",6627,55.02
"LO BARNECHEA","1. JOAQUIN LAVIN INFANTE",10074,30.59
"LO BARNECHEA","2. IGNACIO BRIONES ROJAS",5721,17.37
"LO BARNECHEA","3. SEBASTIAN SICHEL RAMIREZ",16526,50.18
"LO BARNECHEA","4. MARIO DESBORDES JIMENEZ",614,1.86
"LO BARNECHEA","5. GABRIEL BORIC FONT",4663,76.46
"LO BARNECHEA","6. DANIEL JADUE JADUE",1436,23.54
LLANQUIHUE,"1. JOAQUIN LAVIN INFANTE",405,31.94
LLANQUIHUE,"2. IGNACIO BRIONES ROJAS",100,7.89
LLANQUIHUE,"3. SEBASTIAN SICHEL RAMIREZ",630,49.68
LLANQUIHUE,"4. MARIO DESBORDES JIMENEZ",133,10.49
LLANQUIHUE,"5. GABRIEL BORIC FONT",839,67.66
LLANQUIHUE,"6. DANIEL JADUE JADUE",401,32.34
LLAILLAY,"1. JOAQUIN LAVIN INFANTE",287,25.07
LLAILLAY,"2. IGNACIO BRIONES ROJAS",63,5.5
LLAILLAY,"3. SEBASTIAN SICHEL RAMIREZ",638,55.72
LLAILLAY,"4. MARIO DESBORDES JIMENEZ",157,13.71
LLAILLAY,"5. GABRIEL BORIC FONT",1161,45
LLAILLAY,"6. DANIEL JADUE JADUE",1419,55
LITUECHE,"1. JOAQUIN LAVIN INFANTE",178,35.25
LITUECHE,"2. IGNACIO BRIONES ROJAS",35,6.93
LITUECHE,"3. SEBASTIAN SICHEL RAMIREZ",261,51.68
LITUECHE,"4. MARIO DESBORDES JIMENEZ",31,6.14
LITUECHE,"5. GABRIEL BORIC FONT",290,60.42
LITUECHE,"6. DANIEL JADUE JADUE",190,39.58
LINARES,"1. JOAQUIN LAVIN INFANTE",2147,31.61
LINARES,"2. IGNACIO BRIONES ROJAS",427,6.29
LINARES,"3. SEBASTIAN SICHEL RAMIREZ",3137,46.19
LINARES,"4. MARIO DESBORDES JIMENEZ",1081,15.92
LINARES,"5. GABRIEL BORIC FONT",4409,67.25
LINARES,"6. DANIEL JADUE JADUE",2147,32.75
LIMACHE,"1. JOAQUIN LAVIN INFANTE",890,24.36
LIMACHE,"2. IGNACIO BRIONES ROJAS",311,8.51
LIMACHE,"3. SEBASTIAN SICHEL RAMIREZ",2000,54.75
LIMACHE,"4. MARIO DESBORDES JIMENEZ",452,12.37
LIMACHE,"5. GABRIEL BORIC FONT",2858,61.71
LIMACHE,"6. DANIEL JADUE JADUE",1773,38.29
LICANTEN,"1. JOAQUIN LAVIN INFANTE",138,21.97
LICANTEN,"2. IGNACIO BRIONES ROJAS",34,5.41
LICANTEN,"3. SEBASTIAN SICHEL RAMIREZ",419,66.72
LICANTEN,"4. MARIO DESBORDES JIMENEZ",37,5.89
LICANTEN,"5. GABRIEL BORIC FONT",294,72.06
LICANTEN,"6. DANIEL JADUE JADUE",114,27.94
LEBU,"1. JOAQUIN LAVIN INFANTE",439,36.4
LEBU,"2. IGNACIO BRIONES ROJAS",65,5.39
LEBU,"3. SEBASTIAN SICHEL RAMIREZ",501,41.54
LEBU,"4. MARIO DESBORDES JIMENEZ",201,16.67
LEBU,"5. GABRIEL BORIC FONT",971,67.43
LEBU,"6. DANIEL JADUE JADUE",469,32.57
LAUTARO,"1. JOAQUIN LAVIN INFANTE",1063,35.12
LAUTARO,"2. IGNACIO BRIONES ROJAS",182,6.01
LAUTARO,"3. SEBASTIAN SICHEL RAMIREZ",1392,45.99
LAUTARO,"4. MARIO DESBORDES JIMENEZ",390,12.88
LAUTARO,"5. GABRIEL BORIC FONT",1433,72.05
LAUTARO,"6. DANIEL JADUE JADUE",556,27.95
"LAS CONDES","1. JOAQUIN LAVIN INFANTE",34397,38.87
"LAS CONDES","2. IGNACIO BRIONES ROJAS",14971,16.92
"LAS CONDES","3. SEBASTIAN SICHEL RAMIREZ",35910,40.58
"LAS CONDES","4. MARIO DESBORDES JIMENEZ",3214,3.63
"LAS CONDES","5. GABRIEL BORIC FONT",26835,84.51
"LAS CONDES","6. DANIEL JADUE JADUE",4917,15.49
"LAS CABRAS","1. JOAQUIN LAVIN INFANTE",444,32.55
"LAS CABRAS","2. IGNACIO BRIONES ROJAS",89,6.52
"LAS CABRAS","3. SEBASTIAN SICHEL RAMIREZ",745,54.62
"LAS CABRAS","4. MARIO DESBORDES JIMENEZ",86,6.3
"LAS CABRAS","5. GABRIEL BORIC FONT",925,61.26
"LAS CABRAS","6. DANIEL JADUE JADUE",585,38.74
LANCO,"1. JOAQUIN LAVIN INFANTE",378,34.49
LANCO,"2. IGNACIO BRIONES ROJAS",90,8.21
LANCO,"3. SEBASTIAN SICHEL RAMIREZ",486,44.34
LANCO,"4. MARIO DESBORDES JIMENEZ",142,12.96
LANCO,"5. GABRIEL BORIC FONT",533,53.35
LANCO,"6. DANIEL JADUE JADUE",466,46.65
LAMPA,"1. JOAQUIN LAVIN INFANTE",1450,27.62
LAMPA,"2. IGNACIO BRIONES ROJAS",399,7.6
LAMPA,"3. SEBASTIAN SICHEL RAMIREZ",2738,52.16
LAMPA,"4. MARIO DESBORDES JIMENEZ",662,12.61
LAMPA,"5. GABRIEL BORIC FONT",4721,60.22
LAMPA,"6. DANIEL JADUE JADUE",3118,39.78
LAJA,"1. JOAQUIN LAVIN INFANTE",411,32.46
LAJA,"2. IGNACIO BRIONES ROJAS",110,8.69
LAJA,"3. SEBASTIAN SICHEL RAMIREZ",605,47.79
LAJA,"4. MARIO DESBORDES JIMENEZ",140,11.06
LAJA,"5. GABRIEL BORIC FONT",876,68.22
LAJA,"6. DANIEL JADUE JADUE",408,31.78
"LAGUNA BLANCA","1. JOAQUIN LAVIN INFANTE",10,22.73
"LAGUNA BLANCA","2. IGNACIO BRIONES ROJAS",2,4.55
"LAGUNA BLANCA","3. SEBASTIAN SICHEL RAMIREZ",27,61.36
"LAGUNA BLANCA","4. MARIO DESBORDES JIMENEZ",5,11.36
"LAGUNA BLANCA","5. GABRIEL BORIC FONT",22,84.62
"LAGUNA BLANCA","6. DANIEL JADUE JADUE",4,15.38
"LAGO VERDE","1. JOAQUIN LAVIN INFANTE",44,55.7
"LAGO VERDE","2. IGNACIO BRIONES ROJAS",2,2.53
"LAGO VERDE","3. SEBASTIAN SICHEL RAMIREZ",20,25.32
"LAGO VERDE","4. MARIO DESBORDES JIMENEZ",13,16.46
"LAGO VERDE","5. GABRIEL BORIC FONT",33,46.48
"LAGO VERDE","6. DANIEL JADUE JADUE",38,53.52
"LAGO RANCO","1. JOAQUIN LAVIN INFANTE",301,38.79
"LAGO RANCO","2. IGNACIO BRIONES ROJAS",54,6.96
"LAGO RANCO","3. SEBASTIAN SICHEL RAMIREZ",350,45.1
"LAGO RANCO","4. MARIO DESBORDES JIMENEZ",71,9.15
"LAGO RANCO","5. GABRIEL BORIC FONT",294,57.87
"LAGO RANCO","6. DANIEL JADUE JADUE",214,42.13
"LA UNION","1. JOAQUIN LAVIN INFANTE",905,31.67
"LA UNION","2. IGNACIO BRIONES ROJAS",186,6.51
"LA UNION","3. SEBASTIAN SICHEL RAMIREZ",1418,49.62
"LA UNION","4. MARIO DESBORDES JIMENEZ",349,12.21
"LA UNION","5. GABRIEL BORIC FONT",1448,66.67
"LA UNION","6. DANIEL JADUE JADUE",724,33.33
"LA SERENA","1. JOAQUIN LAVIN INFANTE",3802,27.19
"LA SERENA","2. IGNACIO BRIONES ROJAS",1219,8.72
"LA SERENA","3. SEBASTIAN SICHEL RAMIREZ",7777,55.62
"LA SERENA","4. MARIO DESBORDES JIMENEZ",1184,8.47
"LA SERENA","5. GABRIEL BORIC FONT",13775,62.45
"LA SERENA","6. DANIEL JADUE JADUE",8282,37.55
"LA REINA","1. JOAQUIN LAVIN INFANTE",5646,30.79
"LA REINA","2. IGNACIO BRIONES ROJAS",3156,17.21
"LA REINA","3. SEBASTIAN SICHEL RAMIREZ",8328,45.41
"LA REINA","4. MARIO DESBORDES JIMENEZ",1210,6.6
"LA REINA","5. GABRIEL BORIC FONT",13824,72.94
"LA REINA","6. DANIEL JADUE JADUE",5129,27.06
"LA PINTANA","1. JOAQUIN LAVIN INFANTE",2849,36.27
"LA PINTANA","2. IGNACIO BRIONES ROJAS",538,6.85
"LA PINTANA","3. SEBASTIAN SICHEL RAMIREZ",3532,44.96
"LA PINTANA","4. MARIO DESBORDES JIMENEZ",936,11.92
"LA PINTANA","5. GABRIEL BORIC FONT",7376,47.82
"LA PINTANA","6. DANIEL JADUE JADUE",8047,52.18
"LA LIGUA","1. JOAQUIN LAVIN INFANTE",442,23.11
"LA LIGUA","2. IGNACIO BRIONES ROJAS",126,6.59
"LA LIGUA","3. SEBASTIAN SICHEL RAMIREZ",1072,56.04
"LA LIGUA","4. MARIO DESBORDES JIMENEZ",273,14.27
"LA LIGUA","5. GABRIEL BORIC FONT",1751,50.27
"LA LIGUA","6. DANIEL JADUE JADUE",1732,49.73
"LA HIGUERA","1. JOAQUIN LAVIN INFANTE",88,56.41
"LA HIGUERA","2. IGNACIO BRIONES ROJAS",10,6.41
"LA HIGUERA","3. SEBASTIAN SICHEL RAMIREZ",43,27.56
"LA HIGUERA","4. MARIO DESBORDES JIMENEZ",15,9.62
"LA HIGUERA","5. GABRIEL BORIC FONT",86,38.74
"LA HIGUERA","6. DANIEL JADUE JADUE",136,61.26
"LA GRANJA","1. JOAQUIN LAVIN INFANTE",2104,32.64
"LA GRANJA","2. IGNACIO BRIONES ROJAS",391,6.07
"LA GRANJA","3. SEBASTIAN SICHEL RAMIREZ",3197,49.6
"LA GRANJA","4. MARIO DESBORDES JIMENEZ",754,11.7
"LA GRANJA","5. GABRIEL BORIC FONT",6884,50.08
"LA GRANJA","6. DANIEL JADUE JADUE",6861,49.92
"LA FLORIDA","1. JOAQUIN LAVIN INFANTE",9411,31.66
"LA FLORIDA","2. IGNACIO BRIONES ROJAS",2495,8.39
"LA FLORIDA","3. SEBASTIAN SICHEL RAMIREZ",14980,50.39
"LA FLORIDA","4. MARIO DESBORDES JIMENEZ",2840,9.55
"LA FLORIDA","5. GABRIEL BORIC FONT",34114,58.81
"LA FLORIDA","6. DANIEL JADUE JADUE",23891,41.19
"LA ESTRELLA","1. JOAQUIN LAVIN INFANTE",97,30.79
"LA ESTRELLA","2. IGNACIO BRIONES ROJAS",21,6.67
"LA ESTRELLA","3. SEBASTIAN SICHEL RAMIREZ",156,49.52
"LA ESTRELLA","4. MARIO DESBORDES JIMENEZ",41,13.02
"LA ESTRELLA","5. GABRIEL BORIC FONT",160,55.94
"LA ESTRELLA","6. DANIEL JADUE JADUE",126,44.06
"LA CRUZ","1. JOAQUIN LAVIN INFANTE",406,22.25
"LA CRUZ","2. IGNACIO BRIONES ROJAS",124,6.79
"LA CRUZ","3. SEBASTIAN SICHEL RAMIREZ",1116,61.15
"LA CRUZ","4. MARIO DESBORDES JIMENEZ",179,9.81
"LA CRUZ","5. GABRIEL BORIC FONT",1374,67.19
"LA CRUZ","6. DANIEL JADUE JADUE",671,32.81
"LA CISTERNA","1. JOAQUIN LAVIN INFANTE",2484,32.96
"LA CISTERNA","2. IGNACIO BRIONES ROJAS",554,7.35
"LA CISTERNA","3. SEBASTIAN SICHEL RAMIREZ",3573,47.41
"LA CISTERNA","4. MARIO DESBORDES JIMENEZ",926,12.29
"LA CISTERNA","5. GABRIEL BORIC FONT",7818,58.35
"LA CISTERNA","6. DANIEL JADUE JADUE",5580,41.65
"JUAN FERNANDEZ","1. JOAQUIN LAVIN INFANTE",16,32.65
"JUAN FERNANDEZ","2. IGNACIO BRIONES ROJAS",3,6.12
"JUAN FERNANDEZ","3. SEBASTIAN SICHEL RAMIREZ",13,26.53
"JUAN FERNANDEZ","4. MARIO DESBORDES JIMENEZ",17,34.69
"JUAN FERNANDEZ","5. GABRIEL BORIC FONT",103,79.84
"JUAN FERNANDEZ","6. DANIEL JADUE JADUE",26,20.16
"ISLA DE PASCUA","1. JOAQUIN LAVIN INFANTE",118,30.65
"ISLA DE PASCUA","2. IGNACIO BRIONES ROJAS",36,9.35
"ISLA DE PASCUA","3. SEBASTIAN SICHEL RAMIREZ",168,43.64
"ISLA DE PASCUA","4. MARIO DESBORDES JIMENEZ",63,16.36
"ISLA DE PASCUA","5. GABRIEL BORIC FONT",429,53.96
"ISLA DE PASCUA","6. DANIEL JADUE JADUE",366,46.04
"ISLA DE MAIPO","1. JOAQUIN LAVIN INFANTE",894,32.57
"ISLA DE MAIPO","2. IGNACIO BRIONES ROJAS",270,9.84
"ISLA DE MAIPO","3. SEBASTIAN SICHEL RAMIREZ",1366,49.76
"ISLA DE MAIPO","4. MARIO DESBORDES JIMENEZ",215,7.83
"ISLA DE MAIPO","5. GABRIEL BORIC FONT",2354,64.63
"ISLA DE MAIPO","6. DANIEL JADUE JADUE",1288,35.37
IQUIQUE,"1. JOAQUIN LAVIN INFANTE",3696,30.08
IQUIQUE,"2. IGNACIO BRIONES ROJAS",800,6.51
IQUIQUE,"3. SEBASTIAN SICHEL RAMIREZ",6356,51.73
IQUIQUE,"4. MARIO DESBORDES JIMENEZ",1434,11.67
IQUIQUE,"5. GABRIEL BORIC FONT",9616,58.68
IQUIQUE,"6. DANIEL JADUE JADUE",6771,41.32
INDEPENDENCIA,"1. JOAQUIN LAVIN INFANTE",2231,34.3
INDEPENDENCIA,"2. IGNACIO BRIONES ROJAS",490,7.53
INDEPENDENCIA,"3. SEBASTIAN SICHEL RAMIREZ",3048,46.86
INDEPENDENCIA,"4. MARIO DESBORDES JIMENEZ",735,11.3
INDEPENDENCIA,"5. GABRIEL BORIC FONT",6679,54.82
INDEPENDENCIA,"6. DANIEL JADUE JADUE",5504,45.18
ILLAPEL,"1. JOAQUIN LAVIN INFANTE",301,27.59
ILLAPEL,"2. IGNACIO BRIONES ROJAS",79,7.24
ILLAPEL,"3. SEBASTIAN SICHEL RAMIREZ",613,56.19
ILLAPEL,"4. MARIO DESBORDES JIMENEZ",98,8.98
ILLAPEL,"5. GABRIEL BORIC FONT",1333,57.73
ILLAPEL,"6. DANIEL JADUE JADUE",976,42.27
HUECHURABA,"1. JOAQUIN LAVIN INFANTE",2679,28.82
HUECHURABA,"2. IGNACIO BRIONES ROJAS",1071,11.52
HUECHURABA,"3. SEBASTIAN SICHEL RAMIREZ",4728,50.87
HUECHURABA,"4. MARIO DESBORDES JIMENEZ",817,8.79
HUECHURABA,"5. GABRIEL BORIC FONT",8513,61.34
HUECHURABA,"6. DANIEL JADUE JADUE",5366,38.66
HUASCO,"1. JOAQUIN LAVIN INFANTE",112,35.33
HUASCO,"2. IGNACIO BRIONES ROJAS",23,7.26
HUASCO,"3. SEBASTIAN SICHEL RAMIREZ",153,48.26
HUASCO,"4. MARIO DESBORDES JIMENEZ",29,9.15
HUASCO,"5. GABRIEL BORIC FONT",324,44.44
HUASCO,"6. DANIEL JADUE JADUE",405,55.56
HUARA,"1. JOAQUIN LAVIN INFANTE",98,57.99
HUARA,"2. IGNACIO BRIONES ROJAS",6,3.55
HUARA,"3. SEBASTIAN SICHEL RAMIREZ",59,34.91
HUARA,"4. MARIO DESBORDES JIMENEZ",6,3.55
HUARA,"5. GABRIEL BORIC FONT",100,66.67
HUARA,"6. DANIEL JADUE JADUE",50,33.33
HUALQUI,"1. JOAQUIN LAVIN INFANTE",392,30.39
HUALQUI,"2. IGNACIO BRIONES ROJAS",76,5.89
HUALQUI,"3. SEBASTIAN SICHEL RAMIREZ",653,50.62
HUALQUI,"4. MARIO DESBORDES JIMENEZ",169,13.1
HUALQUI,"5. GABRIEL BORIC FONT",925,66.02
HUALQUI,"6. DANIEL JADUE JADUE",476,33.98
HUALPEN,"1. JOAQUIN LAVIN INFANTE",1768,29.41
HUALPEN,"2. IGNACIO BRIONES ROJAS",433,7.2
HUALPEN,"3. SEBASTIAN SICHEL RAMIREZ",3058,50.86
HUALPEN,"4. MARIO DESBORDES JIMENEZ",753,12.52
HUALPEN,"5. GABRIEL BORIC FONT",5719,65.89
HUALPEN,"6. DANIEL JADUE JADUE",2961,34.11
"HUALAÑE","1. JOAQUIN LAVIN INFANTE",222,32.22
"HUALAÑE","2. IGNACIO BRIONES ROJAS",47,6.82
"HUALAÑE","3. SEBASTIAN SICHEL RAMIREZ",364,52.83
"HUALAÑE","4. MARIO DESBORDES JIMENEZ",56,8.13
"HUALAÑE","5. GABRIEL BORIC FONT",411,61.8
"HUALAÑE","6. DANIEL JADUE JADUE",254,38.2
HUALAIHUE,"1. JOAQUIN LAVIN INFANTE",155,42.35
HUALAIHUE,"2. IGNACIO BRIONES ROJAS",31,8.47
HUALAIHUE,"3. SEBASTIAN SICHEL RAMIREZ",138,37.7
HUALAIHUE,"4. MARIO DESBORDES JIMENEZ",42,11.48
HUALAIHUE,"5. GABRIEL BORIC FONT",257,63.46
HUALAIHUE,"6. DANIEL JADUE JADUE",148,36.54
HIJUELAS,"1. JOAQUIN LAVIN INFANTE",255,24.81
HIJUELAS,"2. IGNACIO BRIONES ROJAS",73,7.1
HIJUELAS,"3. SEBASTIAN SICHEL RAMIREZ",611,59.44
HIJUELAS,"4. MARIO DESBORDES JIMENEZ",89,8.66
HIJUELAS,"5. GABRIEL BORIC FONT",771,66.81
HIJUELAS,"6. DANIEL JADUE JADUE",383,33.19
GUAITECAS,"1. JOAQUIN LAVIN INFANTE",21,35
GUAITECAS,"2. IGNACIO BRIONES ROJAS",11,18.33
GUAITECAS,"3. SEBASTIAN SICHEL RAMIREZ",21,35
GUAITECAS,"4. MARIO DESBORDES JIMENEZ",7,11.67
GUAITECAS,"5. GABRIEL BORIC FONT",27,50.94
GUAITECAS,"6. DANIEL JADUE JADUE",26,49.06
GRANEROS,"1. JOAQUIN LAVIN INFANTE",515,25.09
GRANEROS,"2. IGNACIO BRIONES ROJAS",143,6.97
GRANEROS,"3. SEBASTIAN SICHEL RAMIREZ",1231,59.96
GRANEROS,"4. MARIO DESBORDES JIMENEZ",164,7.99
GRANEROS,"5. GABRIEL BORIC FONT",1903,59.6
GRANEROS,"6. DANIEL JADUE JADUE",1290,40.4
GORBEA,"1. JOAQUIN LAVIN INFANTE",437,31.76
GORBEA,"2. IGNACIO BRIONES ROJAS",89,6.47
GORBEA,"3. SEBASTIAN SICHEL RAMIREZ",729,52.98
GORBEA,"4. MARIO DESBORDES JIMENEZ",121,8.79
GORBEA,"5. GABRIEL BORIC FONT",438,66.26
GORBEA,"6. DANIEL JADUE JADUE",223,33.74
"GENERAL LAGOS","1. JOAQUIN LAVIN INFANTE",14,70
"GENERAL LAGOS","2. IGNACIO BRIONES ROJAS",0,0
"GENERAL LAGOS","3. SEBASTIAN SICHEL RAMIREZ",6,30
"GENERAL LAGOS","4. MARIO DESBORDES JIMENEZ",0,0
"GENERAL LAGOS","5. GABRIEL BORIC FONT",4,44.44
"GENERAL LAGOS","6. DANIEL JADUE JADUE",5,55.56
GALVARINO,"1. JOAQUIN LAVIN INFANTE",212,33.76
GALVARINO,"2. IGNACIO BRIONES ROJAS",33,5.25
GALVARINO,"3. SEBASTIAN SICHEL RAMIREZ",300,47.77
GALVARINO,"4. MARIO DESBORDES JIMENEZ",83,13.22
GALVARINO,"5. GABRIEL BORIC FONT",255,57.17
GALVARINO,"6. DANIEL JADUE JADUE",191,42.83
FUTRONO,"1. JOAQUIN LAVIN INFANTE",408,32.9
FUTRONO,"2. IGNACIO BRIONES ROJAS",103,8.31
FUTRONO,"3. SEBASTIAN SICHEL RAMIREZ",610,49.19
FUTRONO,"4. MARIO DESBORDES JIMENEZ",119,9.6
FUTRONO,"5. GABRIEL BORIC FONT",477,64.11
FUTRONO,"6. DANIEL JADUE JADUE",267,35.89
FUTALEUFU,"1. JOAQUIN LAVIN INFANTE",68,38.2
FUTALEUFU,"2. IGNACIO BRIONES ROJAS",19,10.67
FUTALEUFU,"3. SEBASTIAN SICHEL RAMIREZ",66,37.08
FUTALEUFU,"4. MARIO DESBORDES JIMENEZ",25,14.04
FUTALEUFU,"5. GABRIEL BORIC FONT",98,63.64
FUTALEUFU,"6. DANIEL JADUE JADUE",56,36.36
FRUTILLAR,"1. JOAQUIN LAVIN INFANTE",481,28.11
FRUTILLAR,"2. IGNACIO BRIONES ROJAS",149,8.71
FRUTILLAR,"3. SEBASTIAN SICHEL RAMIREZ",894,52.25
FRUTILLAR,"4. MARIO DESBORDES JIMENEZ",187,10.93
FRUTILLAR,"5. GABRIEL BORIC FONT",771,63.2
FRUTILLAR,"6. DANIEL JADUE JADUE",449,36.8
FRESIA,"1. JOAQUIN LAVIN INFANTE",280,36.51
FRESIA,"2. IGNACIO BRIONES ROJAS",38,4.95
FRESIA,"3. SEBASTIAN SICHEL RAMIREZ",354,46.15
FRESIA,"4. MARIO DESBORDES JIMENEZ",95,12.39
FRESIA,"5. GABRIEL BORIC FONT",329,60.04
FRESIA,"6. DANIEL JADUE JADUE",219,39.96
FREIRINA,"1. JOAQUIN LAVIN INFANTE",58,31.52
FREIRINA,"2. IGNACIO BRIONES ROJAS",12,6.52
FREIRINA,"3. SEBASTIAN SICHEL RAMIREZ",100,54.35
FREIRINA,"4. MARIO DESBORDES JIMENEZ",14,7.61
FREIRINA,"5. GABRIEL BORIC FONT",135,35.71
FREIRINA,"6. DANIEL JADUE JADUE",243,64.29
FREIRE,"1. JOAQUIN LAVIN INFANTE",530,38.27
FREIRE,"2. IGNACIO BRIONES ROJAS",104,7.51
FREIRE,"3. SEBASTIAN SICHEL RAMIREZ",588,42.45
FREIRE,"4. MARIO DESBORDES JIMENEZ",163,11.77
FREIRE,"5. GABRIEL BORIC FONT",651,63.08
FREIRE,"6. DANIEL JADUE JADUE",381,36.92
FLORIDA,"1. JOAQUIN LAVIN INFANTE",318,39.31
FLORIDA,"2. IGNACIO BRIONES ROJAS",54,6.67
FLORIDA,"3. SEBASTIAN SICHEL RAMIREZ",345,42.65
FLORIDA,"4. MARIO DESBORDES JIMENEZ",92,11.37
FLORIDA,"5. GABRIEL BORIC FONT",365,68.1
FLORIDA,"6. DANIEL JADUE JADUE",171,31.9
"ESTACION CENTRAL","1. JOAQUIN LAVIN INFANTE",2888,33.72
"ESTACION CENTRAL","2. IGNACIO BRIONES ROJAS",606,7.08
"ESTACION CENTRAL","3. SEBASTIAN SICHEL RAMIREZ",4018,46.91
"ESTACION CENTRAL","4. MARIO DESBORDES JIMENEZ",1053,12.29
"ESTACION CENTRAL","5. GABRIEL BORIC FONT",9325,51.79
"ESTACION CENTRAL","6. DANIEL JADUE JADUE",8682,48.21
ERCILLA,"1. JOAQUIN LAVIN INFANTE",215,41.35
ERCILLA,"2. IGNACIO BRIONES ROJAS",25,4.81
ERCILLA,"3. SEBASTIAN SICHEL RAMIREZ",230,44.23
ERCILLA,"4. MARIO DESBORDES JIMENEZ",50,9.62
ERCILLA,"5. GABRIEL BORIC FONT",167,50.15
ERCILLA,"6. DANIEL JADUE JADUE",166,49.85
EMPEDRADO,"1. JOAQUIN LAVIN INFANTE",112,36.96
EMPEDRADO,"2. IGNACIO BRIONES ROJAS",30,9.9
EMPEDRADO,"3. SEBASTIAN SICHEL RAMIREZ",117,38.61
EMPEDRADO,"4. MARIO DESBORDES JIMENEZ",44,14.52
EMPEDRADO,"5. GABRIEL BORIC FONT",127,82.47
EMPEDRADO,"6. DANIEL JADUE JADUE",27,17.53
"EL TABO","1. JOAQUIN LAVIN INFANTE",401,37.51
"EL TABO","2. IGNACIO BRIONES ROJAS",82,7.67
"EL TABO","3. SEBASTIAN SICHEL RAMIREZ",462,43.22
"EL TABO","4. MARIO DESBORDES JIMENEZ",124,11.6
"EL TABO","5. GABRIEL BORIC FONT",997,48.45
"EL TABO","6. DANIEL JADUE JADUE",1061,51.55
"EL QUISCO","1. JOAQUIN LAVIN INFANTE",494,35.88
"EL QUISCO","2. IGNACIO BRIONES ROJAS",101,7.33
"EL QUISCO","3. SEBASTIAN SICHEL RAMIREZ",616,44.73
"EL QUISCO","4. MARIO DESBORDES JIMENEZ",166,12.06
"EL QUISCO","5. GABRIEL BORIC FONT",1226,52.02
"EL QUISCO","6. DANIEL JADUE JADUE",1131,47.98
"EL MONTE","1. JOAQUIN LAVIN INFANTE",792,35
"EL MONTE","2. IGNACIO BRIONES ROJAS",178,7.87
"EL MONTE","3. SEBASTIAN SICHEL RAMIREZ",1075,47.5
"EL MONTE","4. MARIO DESBORDES JIMENEZ",218,9.63
"EL MONTE","5. GABRIEL BORIC FONT",1732,55.78
"EL MONTE","6. DANIEL JADUE JADUE",1373,44.22
"EL CARMEN","1. JOAQUIN LAVIN INFANTE",308,40.42
"EL CARMEN","2. IGNACIO BRIONES ROJAS",37,4.86
"EL CARMEN","3. SEBASTIAN SICHEL RAMIREZ",303,39.76
"EL CARMEN","4. MARIO DESBORDES JIMENEZ",114,14.96
"EL CARMEN","5. GABRIEL BORIC FONT",289,68.81
"EL CARMEN","6. DANIEL JADUE JADUE",131,31.19
"EL BOSQUE","1. JOAQUIN LAVIN INFANTE",3115,31.73
"EL BOSQUE","2. IGNACIO BRIONES ROJAS",628,6.4
"EL BOSQUE","3. SEBASTIAN SICHEL RAMIREZ",4696,47.84
"EL BOSQUE","4. MARIO DESBORDES JIMENEZ",1378,14.04
"EL BOSQUE","5. GABRIEL BORIC FONT",9469,52.82
"EL BOSQUE","6. DANIEL JADUE JADUE",8459,47.18
"DOÑIHUE","1. JOAQUIN LAVIN INFANTE",359,26.83
"DOÑIHUE","2. IGNACIO BRIONES ROJAS",84,6.28
"DOÑIHUE","3. SEBASTIAN SICHEL RAMIREZ",783,58.52
"DOÑIHUE","4. MARIO DESBORDES JIMENEZ",112,8.37
"DOÑIHUE","5. GABRIEL BORIC FONT",1200,66.82
"DOÑIHUE","6. DANIEL JADUE JADUE",596,33.18
"DIEGO DE ALMAGRO","1. JOAQUIN LAVIN INFANTE",103,29.6
"DIEGO DE ALMAGRO","2. IGNACIO BRIONES ROJAS",28,8.05
"DIEGO DE ALMAGRO","3. SEBASTIAN SICHEL RAMIREZ",177,50.86
"DIEGO DE ALMAGRO","4. MARIO DESBORDES JIMENEZ",40,11.49
"DIEGO DE ALMAGRO","5. GABRIEL BORIC FONT",458,42.84
"DIEGO DE ALMAGRO","6. DANIEL JADUE JADUE",611,57.16
DALCAHUE,"1. JOAQUIN LAVIN INFANTE",148,32.17
DALCAHUE,"2. IGNACIO BRIONES ROJAS",25,5.43
DALCAHUE,"3. SEBASTIAN SICHEL RAMIREZ",238,51.74
DALCAHUE,"4. MARIO DESBORDES JIMENEZ",49,10.65
DALCAHUE,"5. GABRIEL BORIC FONT",364,57.69
DALCAHUE,"6. DANIEL JADUE JADUE",267,42.31
CURICO,"1. JOAQUIN LAVIN INFANTE",3089,27.48
CURICO,"2. IGNACIO BRIONES ROJAS",975,8.68
CURICO,"3. SEBASTIAN SICHEL RAMIREZ",6017,53.54
CURICO,"4. MARIO DESBORDES JIMENEZ",1158,10.3
CURICO,"5. GABRIEL BORIC FONT",7464,66.35
CURICO,"6. DANIEL JADUE JADUE",3786,33.65
CUREPTO,"1. JOAQUIN LAVIN INFANTE",194,31.86
CUREPTO,"2. IGNACIO BRIONES ROJAS",33,5.42
CUREPTO,"3. SEBASTIAN SICHEL RAMIREZ",300,49.26
CUREPTO,"4. MARIO DESBORDES JIMENEZ",82,13.46
CUREPTO,"5. GABRIEL BORIC FONT",386,61.96
CUREPTO,"6. DANIEL JADUE JADUE",237,38.04
CURARREHUE,"1. JOAQUIN LAVIN INFANTE",137,34.25
CURARREHUE,"2. IGNACIO BRIONES ROJAS",24,6
CURARREHUE,"3. SEBASTIAN SICHEL RAMIREZ",197,49.25
CURARREHUE,"4. MARIO DESBORDES JIMENEZ",42,10.5
CURARREHUE,"5. GABRIEL BORIC FONT",173,45.89
CURARREHUE,"6. DANIEL JADUE JADUE",204,54.11
CURANILAHUE,"1. JOAQUIN LAVIN INFANTE",501,32.98
CURANILAHUE,"2. IGNACIO BRIONES ROJAS",114,7.5
CURANILAHUE,"3. SEBASTIAN SICHEL RAMIREZ",637,41.94
CURANILAHUE,"4. MARIO DESBORDES JIMENEZ",267,17.58
CURANILAHUE,"5. GABRIEL BORIC FONT",1234,59.56
CURANILAHUE,"6. DANIEL JADUE JADUE",838,40.44
"CURACO DE VELEZ","1. JOAQUIN LAVIN INFANTE",28,28.57
"CURACO DE VELEZ","2. IGNACIO BRIONES ROJAS",9,9.18
"CURACO DE VELEZ","3. SEBASTIAN SICHEL RAMIREZ",50,51.02
"CURACO DE VELEZ","4. MARIO DESBORDES JIMENEZ",11,11.22
"CURACO DE VELEZ","5. GABRIEL BORIC FONT",89,53.94
"CURACO DE VELEZ","6. DANIEL JADUE JADUE",76,46.06
CURACAVI,"1. JOAQUIN LAVIN INFANTE",872,33.54
CURACAVI,"2. IGNACIO BRIONES ROJAS",243,9.35
CURACAVI,"3. SEBASTIAN SICHEL RAMIREZ",1243,47.81
CURACAVI,"4. MARIO DESBORDES JIMENEZ",242,9.31
CURACAVI,"5. GABRIEL BORIC FONT",2012,58.23
CURACAVI,"6. DANIEL JADUE JADUE",1443,41.77
CURACAUTIN,"1. JOAQUIN LAVIN INFANTE",351,30.52
CURACAUTIN,"2. IGNACIO BRIONES ROJAS",88,7.65
CURACAUTIN,"3. SEBASTIAN SICHEL RAMIREZ",545,47.39
CURACAUTIN,"4. MARIO DESBORDES JIMENEZ",166,14.43
CURACAUTIN,"5. GABRIEL BORIC FONT",498,63.85
CURACAUTIN,"6. DANIEL JADUE JADUE",282,36.15
CUNCO,"1. JOAQUIN LAVIN INFANTE",497,35.37
CUNCO,"2. IGNACIO BRIONES ROJAS",125,8.9
CUNCO,"3. SEBASTIAN SICHEL RAMIREZ",611,43.49
CUNCO,"4. MARIO DESBORDES JIMENEZ",172,12.24
CUNCO,"5. GABRIEL BORIC FONT",576,65.45
CUNCO,"6. DANIEL JADUE JADUE",304,34.55
COYHAIQUE,"1. JOAQUIN LAVIN INFANTE",1016,28.2
COYHAIQUE,"2. IGNACIO BRIONES ROJAS",293,8.13
COYHAIQUE,"3. SEBASTIAN SICHEL RAMIREZ",1710,47.46
COYHAIQUE,"4. MARIO DESBORDES JIMENEZ",584,16.21
COYHAIQUE,"5. GABRIEL BORIC FONT",2961,63.05
COYHAIQUE,"6. DANIEL JADUE JADUE",1735,36.95
CORRAL,"1. JOAQUIN LAVIN INFANTE",89,33.46
CORRAL,"2. IGNACIO BRIONES ROJAS",22,8.27
CORRAL,"3. SEBASTIAN SICHEL RAMIREZ",128,48.12
CORRAL,"4. MARIO DESBORDES JIMENEZ",27,10.15
CORRAL,"5. GABRIEL BORIC FONT",231,55.53
CORRAL,"6. DANIEL JADUE JADUE",185,44.47
CORONEL,"1. JOAQUIN LAVIN INFANTE",1583,30.07
CORONEL,"2. IGNACIO BRIONES ROJAS",322,6.12
CORONEL,"3. SEBASTIAN SICHEL RAMIREZ",2422,46
CORONEL,"4. MARIO DESBORDES JIMENEZ",938,17.82
CORONEL,"5. GABRIEL BORIC FONT",5087,61.73
CORONEL,"6. DANIEL JADUE JADUE",3154,38.27
COQUIMBO,"1. JOAQUIN LAVIN INFANTE",2967,28.35
COQUIMBO,"2. IGNACIO BRIONES ROJAS",835,7.98
COQUIMBO,"3. SEBASTIAN SICHEL RAMIREZ",5763,55.07
COQUIMBO,"4. MARIO DESBORDES JIMENEZ",899,8.59
COQUIMBO,"5. GABRIEL BORIC FONT",10588,60.18
COQUIMBO,"6. DANIEL JADUE JADUE",7007,39.82
COPIAPO,"1. JOAQUIN LAVIN INFANTE",2129,31.27
COPIAPO,"2. IGNACIO BRIONES ROJAS",575,8.45
COPIAPO,"3. SEBASTIAN SICHEL RAMIREZ",3500,51.41
COPIAPO,"4. MARIO DESBORDES JIMENEZ",604,8.87
COPIAPO,"5. GABRIEL BORIC FONT",6492,56.01
COPIAPO,"6. DANIEL JADUE JADUE",5099,43.99
CONTULMO,"1. JOAQUIN LAVIN INFANTE",180,36.29
CONTULMO,"2. IGNACIO BRIONES ROJAS",24,4.84
CONTULMO,"3. SEBASTIAN SICHEL RAMIREZ",227,45.77
CONTULMO,"4. MARIO DESBORDES JIMENEZ",65,13.1
CONTULMO,"5. GABRIEL BORIC FONT",220,68.11
CONTULMO,"6. DANIEL JADUE JADUE",103,31.89
CONSTITUCION,"1. JOAQUIN LAVIN INFANTE",952,29.76
CONSTITUCION,"2. IGNACIO BRIONES ROJAS",246,7.69
CONSTITUCION,"3. SEBASTIAN SICHEL RAMIREZ",1656,51.77
CONSTITUCION,"4. MARIO DESBORDES JIMENEZ",345,10.78
CONSTITUCION,"5. GABRIEL BORIC FONT",2114,63.37
CONSTITUCION,"6. DANIEL JADUE JADUE",1222,36.63
CONCON,"1. JOAQUIN LAVIN INFANTE",2193,26.13
CONCON,"2. IGNACIO BRIONES ROJAS",1122,13.37
CONCON,"3. SEBASTIAN SICHEL RAMIREZ",4479,53.37
CONCON,"4. MARIO DESBORDES JIMENEZ",598,7.13
CONCON,"5. GABRIEL BORIC FONT",3797,69.66
CONCON,"6. DANIEL JADUE JADUE",1654,30.34
CONCHALI,"1. JOAQUIN LAVIN INFANTE",3087,33.79
CONCHALI,"2. IGNACIO BRIONES ROJAS",615,6.73
CONCHALI,"3. SEBASTIAN SICHEL RAMIREZ",4418,48.35
CONCHALI,"4. MARIO DESBORDES JIMENEZ",1017,11.13
CONCHALI,"5. GABRIEL BORIC FONT",9286,49.53
CONCHALI,"6. DANIEL JADUE JADUE",9463,50.47
CONCEPCION,"1. JOAQUIN LAVIN INFANTE",6408,31.68
CONCEPCION,"2. IGNACIO BRIONES ROJAS",1909,9.44
CONCEPCION,"3. SEBASTIAN SICHEL RAMIREZ",9975,49.32
CONCEPCION,"4. MARIO DESBORDES JIMENEZ",1934,9.56
CONCEPCION,"5. GABRIEL BORIC FONT",16650,67.79
CONCEPCION,"6. DANIEL JADUE JADUE",7910,32.21
COMBARBALA,"1. JOAQUIN LAVIN INFANTE",149,35.31
COMBARBALA,"2. IGNACIO BRIONES ROJAS",31,7.35
COMBARBALA,"3. SEBASTIAN SICHEL RAMIREZ",172,40.76
COMBARBALA,"4. MARIO DESBORDES JIMENEZ",70,16.59
COMBARBALA,"5. GABRIEL BORIC FONT",394,52.46
COMBARBALA,"6. DANIEL JADUE JADUE",357,47.54
COLTAUCO,"1. JOAQUIN LAVIN INFANTE",360,26.16
COLTAUCO,"2. IGNACIO BRIONES ROJAS",89,6.47
COLTAUCO,"3. SEBASTIAN SICHEL RAMIREZ",818,59.45
COLTAUCO,"4. MARIO DESBORDES JIMENEZ",109,7.92
COLTAUCO,"5. GABRIEL BORIC FONT",714,65.62
COLTAUCO,"6. DANIEL JADUE JADUE",374,34.38
COLLIPULLI,"1. JOAQUIN LAVIN INFANTE",612,34.11
COLLIPULLI,"2. IGNACIO BRIONES ROJAS",86,4.79
COLLIPULLI,"3. SEBASTIAN SICHEL RAMIREZ",861,47.99
COLLIPULLI,"4. MARIO DESBORDES JIMENEZ",235,13.1
COLLIPULLI,"5. GABRIEL BORIC FONT",703,66.07
COLLIPULLI,"6. DANIEL JADUE JADUE",361,33.93
COLINA,"1. JOAQUIN LAVIN INFANTE",4335,26.96
COLINA,"2. IGNACIO BRIONES ROJAS",2197,13.66
COLINA,"3. SEBASTIAN SICHEL RAMIREZ",8084,50.27
COLINA,"4. MARIO DESBORDES JIMENEZ",1465,9.11
COLINA,"5. GABRIEL BORIC FONT",6040,66.56
COLINA,"6. DANIEL JADUE JADUE",3034,33.44
COLCHANE,"1. JOAQUIN LAVIN INFANTE",10,47.62
COLCHANE,"2. IGNACIO BRIONES ROJAS",1,4.76
COLCHANE,"3. SEBASTIAN SICHEL RAMIREZ",4,19.05
COLCHANE,"4. MARIO DESBORDES JIMENEZ",6,28.57
COLCHANE,"5. GABRIEL BORIC FONT",0,0
COLCHANE,"6. DANIEL JADUE JADUE",0,0
COLBUN,"1. JOAQUIN LAVIN INFANTE",292,32.16
COLBUN,"2. IGNACIO BRIONES ROJAS",77,8.48
COLBUN,"3. SEBASTIAN SICHEL RAMIREZ",428,47.14
COLBUN,"4. MARIO DESBORDES JIMENEZ",111,12.22
COLBUN,"5. GABRIEL BORIC FONT",648,58.64
COLBUN,"6. DANIEL JADUE JADUE",457,41.36
COINCO,"1. JOAQUIN LAVIN INFANTE",149,24.51
COINCO,"2. IGNACIO BRIONES ROJAS",32,5.26
COINCO,"3. SEBASTIAN SICHEL RAMIREZ",387,63.65
COINCO,"4. MARIO DESBORDES JIMENEZ",40,6.58
COINCO,"5. GABRIEL BORIC FONT",451,73.57
COINCO,"6. DANIEL JADUE JADUE",162,26.43
COIHUECO,"1. JOAQUIN LAVIN INFANTE",610,29.33
COIHUECO,"2. IGNACIO BRIONES ROJAS",143,6.88
COIHUECO,"3. SEBASTIAN SICHEL RAMIREZ",1182,56.83
COIHUECO,"4. MARIO DESBORDES JIMENEZ",145,6.97
COIHUECO,"5. GABRIEL BORIC FONT",567,67.9
COIHUECO,"6. DANIEL JADUE JADUE",268,32.1
COELEMU,"1. JOAQUIN LAVIN INFANTE",472,37.76
COELEMU,"2. IGNACIO BRIONES ROJAS",76,6.08
COELEMU,"3. SEBASTIAN SICHEL RAMIREZ",567,45.36
COELEMU,"4. MARIO DESBORDES JIMENEZ",135,10.8
COELEMU,"5. GABRIEL BORIC FONT",637,69.01
COELEMU,"6. DANIEL JADUE JADUE",286,30.99
CODEGUA,"1. JOAQUIN LAVIN INFANTE",231,30.12
CODEGUA,"2. IGNACIO BRIONES ROJAS",59,7.69
CODEGUA,"3. SEBASTIAN SICHEL RAMIREZ",421,54.89
CODEGUA,"4. MARIO DESBORDES JIMENEZ",56,7.3
CODEGUA,"5. GABRIEL BORIC FONT",562,55.75
CODEGUA,"6. DANIEL JADUE JADUE",446,44.25
COCHRANE,"1. JOAQUIN LAVIN INFANTE",115,48.12
COCHRANE,"2. IGNACIO BRIONES ROJAS",24,10.04
COCHRANE,"3. SEBASTIAN SICHEL RAMIREZ",44,18.41
COCHRANE,"4. MARIO DESBORDES JIMENEZ",56,23.43
COCHRANE,"5. GABRIEL BORIC FONT",123,56.68
COCHRANE,"6. DANIEL JADUE JADUE",94,43.32
COCHAMO,"1. JOAQUIN LAVIN INFANTE",85,39.35
COCHAMO,"2. IGNACIO BRIONES ROJAS",32,14.81
COCHAMO,"3. SEBASTIAN SICHEL RAMIREZ",64,29.63
COCHAMO,"4. MARIO DESBORDES JIMENEZ",35,16.2
COCHAMO,"5. GABRIEL BORIC FONT",83,51.55
COCHAMO,"6. DANIEL JADUE JADUE",78,48.45
COBQUECURA,"1. JOAQUIN LAVIN INFANTE",210,47.62
COBQUECURA,"2. IGNACIO BRIONES ROJAS",25,5.67
COBQUECURA,"3. SEBASTIAN SICHEL RAMIREZ",177,40.14
COBQUECURA,"4. MARIO DESBORDES JIMENEZ",29,6.58
COBQUECURA,"5. GABRIEL BORIC FONT",255,65.05
COBQUECURA,"6. DANIEL JADUE JADUE",137,34.95
CISNES,"1. JOAQUIN LAVIN INFANTE",104,24.02
CISNES,"2. IGNACIO BRIONES ROJAS",30,6.93
CISNES,"3. SEBASTIAN SICHEL RAMIREZ",142,32.79
CISNES,"4. MARIO DESBORDES JIMENEZ",157,36.26
CISNES,"5. GABRIEL BORIC FONT",191,60.25
CISNES,"6. DANIEL JADUE JADUE",126,39.75
CHONCHI,"1. JOAQUIN LAVIN INFANTE",196,35.51
CHONCHI,"2. IGNACIO BRIONES ROJAS",46,8.33
CHONCHI,"3. SEBASTIAN SICHEL RAMIREZ",246,44.57
CHONCHI,"4. MARIO DESBORDES JIMENEZ",64,11.59
CHONCHI,"5. GABRIEL BORIC FONT",560,58.82
CHONCHI,"6. DANIEL JADUE JADUE",392,41.18
CHOLCHOL,"1. JOAQUIN LAVIN INFANTE",251,38.5
CHOLCHOL,"2. IGNACIO BRIONES ROJAS",33,5.06
CHOLCHOL,"3. SEBASTIAN SICHEL RAMIREZ",282,43.25
CHOLCHOL,"4. MARIO DESBORDES JIMENEZ",86,13.19
CHOLCHOL,"5. GABRIEL BORIC FONT",271,52.83
CHOLCHOL,"6. DANIEL JADUE JADUE",242,47.17
CHIMBARONGO,"1. JOAQUIN LAVIN INFANTE",531,27.29
CHIMBARONGO,"2. IGNACIO BRIONES ROJAS",112,5.76
CHIMBARONGO,"3. SEBASTIAN SICHEL RAMIREZ",1145,58.84
CHIMBARONGO,"4. MARIO DESBORDES JIMENEZ",158,8.12
CHIMBARONGO,"5. GABRIEL BORIC FONT",1191,64.41
CHIMBARONGO,"6. DANIEL JADUE JADUE",658,35.59
"CHILLAN VIEJO","1. JOAQUIN LAVIN INFANTE",781,34.73
"CHILLAN VIEJO","2. IGNACIO BRIONES ROJAS",120,5.34
"CHILLAN VIEJO","3. SEBASTIAN SICHEL RAMIREZ",1092,48.55
"CHILLAN VIEJO","4. MARIO DESBORDES JIMENEZ",256,11.38
"CHILLAN VIEJO","5. GABRIEL BORIC FONT",1227,64.17
"CHILLAN VIEJO","6. DANIEL JADUE JADUE",685,35.83
CHILLAN,"1. JOAQUIN LAVIN INFANTE",4947,31.48
CHILLAN,"2. IGNACIO BRIONES ROJAS",1038,6.61
CHILLAN,"3. SEBASTIAN SICHEL RAMIREZ",8267,52.61
CHILLAN,"4. MARIO DESBORDES JIMENEZ",1463,9.31
CHILLAN,"5. GABRIEL BORIC FONT",9691,68.28
CHILLAN,"6. DANIEL JADUE JADUE",4502,31.72
"CHILE CHICO","1. JOAQUIN LAVIN INFANTE",82,34.45
"CHILE CHICO","2. IGNACIO BRIONES ROJAS",11,4.62
"CHILE CHICO","3. SEBASTIAN SICHEL RAMIREZ",114,47.9
"CHILE CHICO","4. MARIO DESBORDES JIMENEZ",31,13.03
"CHILE CHICO","5. GABRIEL BORIC FONT",207,57.5
"CHILE CHICO","6. DANIEL JADUE JADUE",153,42.5
CHIGUAYANTE,"1. JOAQUIN LAVIN INFANTE",1701,26.54
CHIGUAYANTE,"2. IGNACIO BRIONES ROJAS",631,9.84
CHIGUAYANTE,"3. SEBASTIAN SICHEL RAMIREZ",3450,53.82
CHIGUAYANTE,"4. MARIO DESBORDES JIMENEZ",628,9.8
CHIGUAYANTE,"5. GABRIEL BORIC FONT",5324,67.23
CHIGUAYANTE,"6. DANIEL JADUE JADUE",2595,32.77
CHEPICA,"1. JOAQUIN LAVIN INFANTE",226,24.12
CHEPICA,"2. IGNACIO BRIONES ROJAS",65,6.94
CHEPICA,"3. SEBASTIAN SICHEL RAMIREZ",552,58.91
CHEPICA,"4. MARIO DESBORDES JIMENEZ",94,10.03
CHEPICA,"5. GABRIEL BORIC FONT",455,69.79
CHEPICA,"6. DANIEL JADUE JADUE",197,30.21
"CHAÑARAL","1. JOAQUIN LAVIN INFANTE",177,45.5
"CHAÑARAL","2. IGNACIO BRIONES ROJAS",39,10.03
"CHAÑARAL","3. SEBASTIAN SICHEL RAMIREZ",134,34.45
"CHAÑARAL","4. MARIO DESBORDES JIMENEZ",39,10.03
"CHAÑARAL","5. GABRIEL BORIC FONT",332,40.89
"CHAÑARAL","6. DANIEL JADUE JADUE",480,59.11
CHANCO,"1. JOAQUIN LAVIN INFANTE",243,35.53
CHANCO,"2. IGNACIO BRIONES ROJAS",58,8.48
CHANCO,"3. SEBASTIAN SICHEL RAMIREZ",248,36.26
CHANCO,"4. MARIO DESBORDES JIMENEZ",135,19.74
CHANCO,"5. GABRIEL BORIC FONT",283,69.19
CHANCO,"6. DANIEL JADUE JADUE",126,30.81
CHAITEN,"1. JOAQUIN LAVIN INFANTE",80,44.44
CHAITEN,"2. IGNACIO BRIONES ROJAS",10,5.56
CHAITEN,"3. SEBASTIAN SICHEL RAMIREZ",68,37.78
CHAITEN,"4. MARIO DESBORDES JIMENEZ",22,12.22
CHAITEN,"5. GABRIEL BORIC FONT",141,63.8
CHAITEN,"6. DANIEL JADUE JADUE",80,36.2
"CERRO NAVIA","1. JOAQUIN LAVIN INFANTE",2401,33.04
"CERRO NAVIA","2. IGNACIO BRIONES ROJAS",495,6.81
"CERRO NAVIA","3. SEBASTIAN SICHEL RAMIREZ",3412,46.95
"CERRO NAVIA","4. MARIO DESBORDES JIMENEZ",959,13.2
"CERRO NAVIA","5. GABRIEL BORIC FONT",6788,44.89
"CERRO NAVIA","6. DANIEL JADUE JADUE",8334,55.11
CERRILLOS,"1. JOAQUIN LAVIN INFANTE",1684,30.41
CERRILLOS,"2. IGNACIO BRIONES ROJAS",394,7.11
CERRILLOS,"3. SEBASTIAN SICHEL RAMIREZ",2724,49.19
CERRILLOS,"4. MARIO DESBORDES JIMENEZ",736,13.29
CERRILLOS,"5. GABRIEL BORIC FONT",5611,57.2
CERRILLOS,"6. DANIEL JADUE JADUE",4199,42.8
"CAÑETE","1. JOAQUIN LAVIN INFANTE",875,36.92
"CAÑETE","2. IGNACIO BRIONES ROJAS",129,5.44
"CAÑETE","3. SEBASTIAN SICHEL RAMIREZ",885,37.34
"CAÑETE","4. MARIO DESBORDES JIMENEZ",481,20.3
"CAÑETE","5. GABRIEL BORIC FONT",1038,60.99
"CAÑETE","6. DANIEL JADUE JADUE",664,39.01
CAUQUENES,"1. JOAQUIN LAVIN INFANTE",1110,36.71
CAUQUENES,"2. IGNACIO BRIONES ROJAS",173,5.72
CAUQUENES,"3. SEBASTIAN SICHEL RAMIREZ",1342,44.38
CAUQUENES,"4. MARIO DESBORDES JIMENEZ",399,13.19
CAUQUENES,"5. GABRIEL BORIC FONT",1180,69.45
CAUQUENES,"6. DANIEL JADUE JADUE",519,30.55
CATEMU,"1. JOAQUIN LAVIN INFANTE",146,22.05
CATEMU,"2. IGNACIO BRIONES ROJAS",58,8.76
CATEMU,"3. SEBASTIAN SICHEL RAMIREZ",389,58.76
CATEMU,"4. MARIO DESBORDES JIMENEZ",69,10.42
CATEMU,"5. GABRIEL BORIC FONT",524,55.39
CATEMU,"6. DANIEL JADUE JADUE",422,44.61
CASTRO,"1. JOAQUIN LAVIN INFANTE",747,32.21
CASTRO,"2. IGNACIO BRIONES ROJAS",153,6.6
CASTRO,"3. SEBASTIAN SICHEL RAMIREZ",1173,50.58
CASTRO,"4. MARIO DESBORDES JIMENEZ",246,10.61
CASTRO,"5. GABRIEL BORIC FONT",2666,60.85
CASTRO,"6. DANIEL JADUE JADUE",1715,39.15
CASABLANCA,"1. JOAQUIN LAVIN INFANTE",480,25.16
CASABLANCA,"2. IGNACIO BRIONES ROJAS",150,7.86
CASABLANCA,"3. SEBASTIAN SICHEL RAMIREZ",1056,55.35
CASABLANCA,"4. MARIO DESBORDES JIMENEZ",222,11.64
CASABLANCA,"5. GABRIEL BORIC FONT",1424,62.95
CASABLANCA,"6. DANIEL JADUE JADUE",838,37.05
CARTAGENA,"1. JOAQUIN LAVIN INFANTE",501,38.36
CARTAGENA,"2. IGNACIO BRIONES ROJAS",67,5.13
CARTAGENA,"3. SEBASTIAN SICHEL RAMIREZ",590,45.18
CARTAGENA,"4. MARIO DESBORDES JIMENEZ",148,11.33
CARTAGENA,"5. GABRIEL BORIC FONT",921,48.58
CARTAGENA,"6. DANIEL JADUE JADUE",975,51.42
CARAHUE,"1. JOAQUIN LAVIN INFANTE",600,38.34
CARAHUE,"2. IGNACIO BRIONES ROJAS",91,5.81
CARAHUE,"3. SEBASTIAN SICHEL RAMIREZ",715,45.69
CARAHUE,"4. MARIO DESBORDES JIMENEZ",159,10.16
CARAHUE,"5. GABRIEL BORIC FONT",482,56.44
CARAHUE,"6. DANIEL JADUE JADUE",372,43.56
CANELA,"1. JOAQUIN LAVIN INFANTE",118,35.22
CANELA,"2. IGNACIO BRIONES ROJAS",16,4.78
CANELA,"3. SEBASTIAN SICHEL RAMIREZ",164,48.96
CANELA,"4. MARIO DESBORDES JIMENEZ",37,11.04
CANELA,"5. GABRIEL BORIC FONT",294,36.07
CANELA,"6. DANIEL JADUE JADUE",521,63.93
"CAMIÑA","1. JOAQUIN LAVIN INFANTE",71,73.2
"CAMIÑA","2. IGNACIO BRIONES ROJAS",3,3.09
"CAMIÑA","3. SEBASTIAN SICHEL RAMIREZ",10,10.31
"CAMIÑA","4. MARIO DESBORDES JIMENEZ",13,13.4
"CAMIÑA","5. GABRIEL BORIC FONT",20,83.33
"CAMIÑA","6. DANIEL JADUE JADUE",4,16.67
CAMARONES,"1. JOAQUIN LAVIN INFANTE",25,40.98
CAMARONES,"2. IGNACIO BRIONES ROJAS",9,14.75
CAMARONES,"3. SEBASTIAN SICHEL RAMIREZ",15,24.59
CAMARONES,"4. MARIO DESBORDES JIMENEZ",12,19.67
CAMARONES,"5. GABRIEL BORIC FONT",32,48.48
CAMARONES,"6. DANIEL JADUE JADUE",34,51.52
"CALLE LARGA","1. JOAQUIN LAVIN INFANTE",207,25.06
"CALLE LARGA","2. IGNACIO BRIONES ROJAS",71,8.6
"CALLE LARGA","3. SEBASTIAN SICHEL RAMIREZ",463,56.05
"CALLE LARGA","4. MARIO DESBORDES JIMENEZ",85,10.29
"CALLE LARGA","5. GABRIEL BORIC FONT",687,64.39
"CALLE LARGA","6. DANIEL JADUE JADUE",380,35.61
"CALERA DE TANGO","1. JOAQUIN LAVIN INFANTE",939,30.39
"CALERA DE TANGO","2. IGNACIO BRIONES ROJAS",370,11.97
"CALERA DE TANGO","3. SEBASTIAN SICHEL RAMIREZ",1572,50.87
"CALERA DE TANGO","4. MARIO DESBORDES JIMENEZ",209,6.76
"CALERA DE TANGO","5. GABRIEL BORIC FONT",2026,70.79
"CALERA DE TANGO","6. DANIEL JADUE JADUE",836,29.21
CALERA,"1. JOAQUIN LAVIN INFANTE",687,24
CALERA,"2. IGNACIO BRIONES ROJAS",189,6.6
CALERA,"3. SEBASTIAN SICHEL RAMIREZ",1621,56.64
CALERA,"4. MARIO DESBORDES JIMENEZ",365,12.75
CALERA,"5. GABRIEL BORIC FONT",2832,55.59
CALERA,"6. DANIEL JADUE JADUE",2262,44.41
CALDERA,"1. JOAQUIN LAVIN INFANTE",239,32.3
CALDERA,"2. IGNACIO BRIONES ROJAS",60,8.11
CALDERA,"3. SEBASTIAN SICHEL RAMIREZ",372,50.27
CALDERA,"4. MARIO DESBORDES JIMENEZ",69,9.32
CALDERA,"5. GABRIEL BORIC FONT",690,46.03
CALDERA,"6. DANIEL JADUE JADUE",809,53.97
CALBUCO,"1. JOAQUIN LAVIN INFANTE",498,37.9
CALBUCO,"2. IGNACIO BRIONES ROJAS",108,8.22
CALBUCO,"3. SEBASTIAN SICHEL RAMIREZ",535,40.72
CALBUCO,"4. MARIO DESBORDES JIMENEZ",173,13.17
CALBUCO,"5. GABRIEL BORIC FONT",931,56.84
CALBUCO,"6. DANIEL JADUE JADUE",707,43.16
CALAMA,"1. JOAQUIN LAVIN INFANTE",2305,35.18
CALAMA,"2. IGNACIO BRIONES ROJAS",596,9.1
CALAMA,"3. SEBASTIAN SICHEL RAMIREZ",2841,43.36
CALAMA,"4. MARIO DESBORDES JIMENEZ",810,12.36
CALAMA,"5. GABRIEL BORIC FONT",6381,61.77
CALAMA,"6. DANIEL JADUE JADUE",3950,38.23
CABRERO,"1. JOAQUIN LAVIN INFANTE",552,36.22
CABRERO,"2. IGNACIO BRIONES ROJAS",93,6.1
CABRERO,"3. SEBASTIAN SICHEL RAMIREZ",698,45.8
CABRERO,"4. MARIO DESBORDES JIMENEZ",181,11.88
CABRERO,"5. GABRIEL BORIC FONT",824,70.73
CABRERO,"6. DANIEL JADUE JADUE",341,29.27
"CABO DE HORNOS(EX-NAVARINO)","1. JOAQUIN LAVIN INFANTE",51,30.91
"CABO DE HORNOS(EX-NAVARINO)","2. IGNACIO BRIONES ROJAS",9,5.45
"CABO DE HORNOS(EX-NAVARINO)","3. SEBASTIAN SICHEL RAMIREZ",64,38.79
"CABO DE HORNOS(EX-NAVARINO)","4. MARIO DESBORDES JIMENEZ",41,24.85
"CABO DE HORNOS(EX-NAVARINO)","5. GABRIEL BORIC FONT",78,66.1
"CABO DE HORNOS(EX-NAVARINO)","6. DANIEL JADUE JADUE",40,33.9
CABILDO,"1. JOAQUIN LAVIN INFANTE",220,31.29
CABILDO,"2. IGNACIO BRIONES ROJAS",49,6.97
CABILDO,"3. SEBASTIAN SICHEL RAMIREZ",372,52.92
CABILDO,"4. MARIO DESBORDES JIMENEZ",62,8.82
CABILDO,"5. GABRIEL BORIC FONT",844,47.42
CABILDO,"6. DANIEL JADUE JADUE",936,52.58
BULNES,"1. JOAQUIN LAVIN INFANTE",506,30.01
BULNES,"2. IGNACIO BRIONES ROJAS",109,6.47
BULNES,"3. SEBASTIAN SICHEL RAMIREZ",925,54.86
BULNES,"4. MARIO DESBORDES JIMENEZ",146,8.66
BULNES,"5. GABRIEL BORIC FONT",742,68.83
BULNES,"6. DANIEL JADUE JADUE",336,31.17
BUIN,"1. JOAQUIN LAVIN INFANTE",2141,29.04
BUIN,"2. IGNACIO BRIONES ROJAS",664,9.01
BUIN,"3. SEBASTIAN SICHEL RAMIREZ",3900,52.9
BUIN,"4. MARIO DESBORDES JIMENEZ",667,9.05
BUIN,"5. GABRIEL BORIC FONT",6230,63.66
BUIN,"6. DANIEL JADUE JADUE",3557,36.34
AYSEN,"1. JOAQUIN LAVIN INFANTE",283,27
AYSEN,"2. IGNACIO BRIONES ROJAS",65,6.2
AYSEN,"3. SEBASTIAN SICHEL RAMIREZ",504,48.09
AYSEN,"4. MARIO DESBORDES JIMENEZ",196,18.7
AYSEN,"5. GABRIEL BORIC FONT",923,56.7
AYSEN,"6. DANIEL JADUE JADUE",705,43.3
ARICA,"1. JOAQUIN LAVIN INFANTE",4347,35.66
ARICA,"2. IGNACIO BRIONES ROJAS",847,6.95
ARICA,"3. SEBASTIAN SICHEL RAMIREZ",5334,43.76
ARICA,"4. MARIO DESBORDES JIMENEZ",1661,13.63
ARICA,"5. GABRIEL BORIC FONT",8484,56.9
ARICA,"6. DANIEL JADUE JADUE",6427,43.1
ARAUCO,"1. JOAQUIN LAVIN INFANTE",763,33.91
ARAUCO,"2. IGNACIO BRIONES ROJAS",201,8.93
ARAUCO,"3. SEBASTIAN SICHEL RAMIREZ",986,43.82
ARAUCO,"4. MARIO DESBORDES JIMENEZ",300,13.33
ARAUCO,"5. GABRIEL BORIC FONT",1652,68.24
ARAUCO,"6. DANIEL JADUE JADUE",769,31.76
ANTUCO,"1. JOAQUIN LAVIN INFANTE",69,23.47
ANTUCO,"2. IGNACIO BRIONES ROJAS",16,5.44
ANTUCO,"3. SEBASTIAN SICHEL RAMIREZ",163,55.44
ANTUCO,"4. MARIO DESBORDES JIMENEZ",46,15.65
ANTUCO,"5. GABRIEL BORIC FONT",128,64.32
ANTUCO,"6. DANIEL JADUE JADUE",71,35.68
ANTOFAGASTA,"1. JOAQUIN LAVIN INFANTE",4815,30.55
ANTOFAGASTA,"2. IGNACIO BRIONES ROJAS",1583,10.04
ANTOFAGASTA,"3. SEBASTIAN SICHEL RAMIREZ",7609,48.28
ANTOFAGASTA,"4. MARIO DESBORDES JIMENEZ",1754,11.13
ANTOFAGASTA,"5. GABRIEL BORIC FONT",18430,62.14
ANTOFAGASTA,"6. DANIEL JADUE JADUE",11228,37.86
ANTARTICA,"1. JOAQUIN LAVIN INFANTE",7,25.93
ANTARTICA,"2. IGNACIO BRIONES ROJAS",3,11.11
ANTARTICA,"3. SEBASTIAN SICHEL RAMIREZ",7,25.93
ANTARTICA,"4. MARIO DESBORDES JIMENEZ",10,37.04
ANTARTICA,"5. GABRIEL BORIC FONT",4,66.67
ANTARTICA,"6. DANIEL JADUE JADUE",2,33.33
ANGOL,"1. JOAQUIN LAVIN INFANTE",1325,31.92
ANGOL,"2. IGNACIO BRIONES ROJAS",276,6.65
ANGOL,"3. SEBASTIAN SICHEL RAMIREZ",2057,49.55
ANGOL,"4. MARIO DESBORDES JIMENEZ",493,11.88
ANGOL,"5. GABRIEL BORIC FONT",1898,71.35
ANGOL,"6. DANIEL JADUE JADUE",762,28.65
ANDACOLLO,"1. JOAQUIN LAVIN INFANTE",148,39.78
ANDACOLLO,"2. IGNACIO BRIONES ROJAS",35,9.41
ANDACOLLO,"3. SEBASTIAN SICHEL RAMIREZ",158,42.47
ANDACOLLO,"4. MARIO DESBORDES JIMENEZ",31,8.33
ANDACOLLO,"5. GABRIEL BORIC FONT",414,47.1
ANDACOLLO,"6. DANIEL JADUE JADUE",465,52.9
ANCUD,"1. JOAQUIN LAVIN INFANTE",525,30.21
ANCUD,"2. IGNACIO BRIONES ROJAS",98,5.64
ANCUD,"3. SEBASTIAN SICHEL RAMIREZ",861,49.54
ANCUD,"4. MARIO DESBORDES JIMENEZ",254,14.61
ANCUD,"5. GABRIEL BORIC FONT",1400,53.64
ANCUD,"6. DANIEL JADUE JADUE",1210,46.36
"ALTO HOSPICIO","1. JOAQUIN LAVIN INFANTE",727,28.27
"ALTO HOSPICIO","2. IGNACIO BRIONES ROJAS",165,6.42
"ALTO HOSPICIO","3. SEBASTIAN SICHEL RAMIREZ",1377,53.54
"ALTO HOSPICIO","4. MARIO DESBORDES JIMENEZ",303,11.78
"ALTO HOSPICIO","5. GABRIEL BORIC FONT",2059,56.77
"ALTO HOSPICIO","6. DANIEL JADUE JADUE",1568,43.23
"ALTO DEL CARMEN","1. JOAQUIN LAVIN INFANTE",59,41.26
"ALTO DEL CARMEN","2. IGNACIO BRIONES ROJAS",12,8.39
"ALTO DEL CARMEN","3. SEBASTIAN SICHEL RAMIREZ",53,37.06
"ALTO DEL CARMEN","4. MARIO DESBORDES JIMENEZ",19,13.29
"ALTO DEL CARMEN","5. GABRIEL BORIC FONT",122,51.91
"ALTO DEL CARMEN","6. DANIEL JADUE JADUE",113,48.09
"ALTO BIOBIO","1. JOAQUIN LAVIN INFANTE",133,66.17
"ALTO BIOBIO","2. IGNACIO BRIONES ROJAS",20,9.95
"ALTO BIOBIO","3. SEBASTIAN SICHEL RAMIREZ",33,16.42
"ALTO BIOBIO","4. MARIO DESBORDES JIMENEZ",15,7.46
"ALTO BIOBIO","5. GABRIEL BORIC FONT",82,50
"ALTO BIOBIO","6. DANIEL JADUE JADUE",82,50
ALHUE,"1. JOAQUIN LAVIN INFANTE",80,27.3
ALHUE,"2. IGNACIO BRIONES ROJAS",23,7.85
ALHUE,"3. SEBASTIAN SICHEL RAMIREZ",165,56.31
ALHUE,"4. MARIO DESBORDES JIMENEZ",25,8.53
ALHUE,"5. GABRIEL BORIC FONT",268,54.25
ALHUE,"6. DANIEL JADUE JADUE",226,45.75
ALGARROBO,"1. JOAQUIN LAVIN INFANTE",739,36.15
ALGARROBO,"2. IGNACIO BRIONES ROJAS",206,10.08
ALGARROBO,"3. SEBASTIAN SICHEL RAMIREZ",891,43.59
ALGARROBO,"4. MARIO DESBORDES JIMENEZ",208,10.18
ALGARROBO,"5. GABRIEL BORIC FONT",1299,67.76
ALGARROBO,"6. DANIEL JADUE JADUE",618,32.24
